ID,Income,Children,Cars,Age,label,marital_status,gender,education,occupation,home_owner,commute_distance,region
12496,40000,1,0,42,0,0,0,0,4,1,0,0
24107,30000,3,1,43,0,0,1,3,0,1,0,0
14177,80000,5,2,60,0,0,1,3,3,0,3,0
24381,70000,0,1,41,1,1,1,0,3,1,4,2
25597,30000,0,0,36,1,1,1,0,0,0,0,0
13507,10000,2,0,50,0,0,0,3,2,1,1,0
27974,160000,2,4,33,1,1,1,2,1,1,0,2
19364,40000,1,0,43,1,0,1,0,4,1,0,0
22155,20000,2,2,58,0,0,1,4,0,1,4,2
19280,20000,2,1,48,1,0,1,3,2,1,0,0
22173,30000,3,2,54,1,0,0,2,4,0,1,2
12697,90000,0,4,36,0,1,0,0,3,0,2,2
11434,170000,5,4,55,0,0,1,3,3,1,0,0
25323,40000,2,1,35,1,0,1,3,0,1,1,0
23542,60000,1,1,45,1,1,1,3,4,0,0,2
20870,10000,2,1,38,1,1,0,2,2,1,0,0
23316,30000,3,2,59,1,1,1,3,0,0,1,2
12610,30000,1,0,47,0,0,0,0,0,1,0,0
27183,40000,2,1,35,1,1,1,3,0,1,1,0
25940,20000,2,2,55,1,1,1,4,0,1,4,2
25598,40000,0,0,36,1,0,0,1,0,1,0,0
21564,80000,0,4,35,0,1,0,0,3,1,2,2
19193,40000,2,0,35,1,1,1,3,0,1,1,0
26412,80000,5,3,56,0,0,0,2,1,0,4,0
27184,40000,2,1,34,0,1,1,3,0,0,0,0
12590,30000,1,0,63,0,1,1,0,0,1,0,0
17841,30000,0,1,29,1,1,1,3,0,0,0,0
18283,100000,0,1,40,0,1,0,0,3,0,4,2
18299,70000,5,2,44,0,0,1,3,4,1,4,2
16466,20000,0,2,32,1,1,0,4,2,0,0,0
19273,20000,2,0,63,0,0,0,3,2,1,0,0
22400,10000,0,1,26,1,0,1,3,2,0,0,2
20942,20000,0,1,31,0,1,0,2,2,0,4,0
18484,80000,2,2,50,1,1,1,2,4,0,1,2
12291,90000,5,2,62,1,1,1,3,3,0,3,0
28380,10000,5,2,41,0,1,0,4,2,0,0,0
17891,10000,2,1,50,1,0,0,3,2,1,0,0
27832,30000,0,1,30,0,1,0,3,0,0,3,0
26863,20000,0,1,28,0,1,1,2,2,0,3,0
16259,10000,4,2,40,1,1,0,4,2,1,0,0
27803,30000,2,0,43,0,1,0,3,0,0,0,0
14347,40000,2,2,65,1,1,0,0,1,1,4,2
17703,10000,1,0,40,0,0,0,1,2,1,0,0
17185,170000,4,3,48,1,0,0,3,3,0,4,0
29380,20000,3,0,41,1,0,0,2,2,1,0,0
23986,20000,1,0,66,1,0,0,0,0,1,0,0
24466,60000,1,1,46,1,0,0,3,4,1,4,2
29097,40000,2,2,52,1,1,0,3,4,1,4,2
19487,30000,2,2,42,0,0,1,3,0,0,0,0
14939,40000,0,0,39,1,0,1,0,0,1,0,0
13826,30000,0,1,28,0,1,0,3,0,0,0,0
20619,80000,0,4,35,0,1,1,0,3,0,2,2
12558,20000,1,0,65,0,0,0,0,0,1,0,0
24871,90000,4,3,56,0,1,0,2,1,0,4,0
17319,70000,0,1,42,0,1,0,0,3,0,4,2
28906,80000,4,2,54,0,0,1,2,3,1,2,0
12808,40000,0,0,38,1,0,1,0,0,1,0,0
20567,130000,4,4,61,1,0,1,3,3,0,4,0
25502,40000,1,0,43,1,0,0,0,4,1,0,0
15580,60000,2,1,38,1,0,1,0,3,1,3,2
24185,10000,1,1,45,0,1,0,2,2,0,1,0
19291,10000,2,0,35,0,1,0,2,2,1,0,0
16713,40000,2,1,52,1,0,1,0,1,1,0,2
16185,60000,4,3,41,0,1,1,0,3,1,2,2
14927,30000,1,0,37,1,0,0,0,0,1,0,0
29337,30000,2,2,68,0,1,1,3,0,1,4,2
29355,40000,0,0,37,1,0,0,1,0,1,0,0
25303,30000,0,1,33,1,1,1,2,2,1,3,0
14813,20000,4,1,43,1,1,0,2,2,1,0,0
16438,10000,0,2,30,0,0,0,4,2,0,0,0
14238,120000,0,4,36,1,0,1,4,3,1,2,2
16200,10000,0,2,35,0,1,0,4,2,0,0,0
24857,130000,3,4,52,0,0,0,2,3,1,0,0
26956,20000,0,1,36,1,1,0,3,2,0,3,0
14517,20000,3,2,62,0,0,0,2,4,0,1,2
12678,130000,4,4,31,0,1,0,2,1,1,0,2
16188,20000,0,2,26,0,1,0,4,2,0,1,0
27969,80000,0,2,29,1,0,1,0,3,1,2,2
15752,80000,2,2,50,1,0,1,2,4,0,1,2
27745,40000,2,2,63,1,1,1,0,1,1,4,2
20828,30000,4,0,45,1,0,0,1,0,1,0,0
19461,10000,4,2,40,0,1,0,4,2,1,0,0
26941,30000,0,0,47,1,0,1,0,0,1,0,0
28412,20000,0,1,29,0,1,1,2,2,0,3,0
24485,40000,2,1,52,1,1,1,0,1,0,4,2
16514,10000,0,1,26,1,1,1,3,2,1,1,2
17191,130000,3,3,51,1,1,1,3,3,0,0,0
19608,80000,5,4,40,0,0,1,0,3,1,1,2
24119,30000,0,1,29,0,1,1,3,0,0,3,0
25458,20000,1,1,40,1,0,1,2,2,0,1,0
26886,30000,0,1,29,1,1,0,3,0,0,0,0
28436,30000,0,1,30,1,1,1,3,0,0,0,0
19562,60000,2,1,37,1,1,0,0,3,1,3,2
15608,30000,0,1,33,0,1,0,3,0,0,3,0
16487,30000,3,2,55,0,1,0,2,4,1,4,2
17197,90000,5,2,62,0,1,0,3,3,1,2,0
12507,30000,1,1,43,0,0,1,3,0,1,0,0
23940,40000,1,1,44,1,0,1,0,4,1,0,0
19441,40000,0,0,37,1,1,1,1,0,1,0,0
26852,20000,3,2,43,0,0,0,2,2,1,0,0
12274,10000,2,0,35,0,1,1,2,2,1,0,0
20236,60000,3,2,43,1,1,1,0,3,0,0,2
24149,10000,2,0,49,0,0,1,3,2,1,1,0
26139,60000,1,1,45,0,1,1,3,4,1,4,2
18491,70000,2,2,49,1,1,0,2,3,1,4,2
22707,30000,0,1,30,0,1,0,3,0,0,3,0
20430,70000,2,2,52,1,0,1,3,4,1,4,2
27494,40000,2,2,53,1,1,0,3,4,0,1,2
26829,40000,0,0,38,1,0,0,0,0,1,0,0
28395,40000,0,0,39,1,1,1,0,3,0,0,0
21006,20000,1,0,46,1,1,0,3,2,0,0,0
14682,70000,0,1,38,0,1,0,0,3,0,4,2
17650,40000,2,2,35,0,1,0,3,0,1,1,0
29191,130000,1,1,36,1,1,0,1,1,0,0,2
15030,20000,0,0,26,1,0,1,0,0,1,0,2
24140,10000,0,0,30,1,1,1,1,2,0,0,0
22496,30000,1,2,42,0,0,0,0,4,1,0,0
24065,20000,2,0,40,1,1,0,2,2,1,0,0
19914,80000,5,2,62,0,0,1,0,1,1,3,0
12871,30000,0,1,29,0,1,0,3,0,0,3,0
22988,40000,2,2,66,1,0,0,0,1,1,4,2
15922,150000,2,4,48,0,0,1,2,3,1,0,0
12344,80000,0,3,31,0,1,0,0,3,0,2,2
23627,100000,3,4,56,0,1,0,3,1,0,4,0
27775,40000,0,0,38,1,1,0,0,0,0,0,0
29301,80000,5,4,40,0,0,1,0,3,1,1,2
12716,30000,0,1,32,0,1,1,3,0,1,3,0
12472,30000,1,1,39,0,0,1,0,0,1,3,0
20970,10000,2,1,52,1,1,1,3,2,1,0,0
26818,10000,3,1,39,1,1,1,2,2,1,0,0
12993,60000,2,1,37,0,0,1,0,3,1,3,2
14192,90000,4,3,56,1,0,1,2,1,1,4,0
19477,40000,0,0,40,1,0,1,0,3,1,0,0
26796,40000,2,2,65,1,1,1,0,1,1,4,2
21094,30000,2,2,42,0,1,0,3,0,1,0,0
12234,10000,2,1,52,0,0,1,3,2,1,3,0
28683,10000,1,1,35,1,1,0,2,2,0,4,0
17994,20000,2,2,42,0,1,1,2,2,1,0,0
24273,20000,2,2,55,1,0,0,4,0,1,4,2
26547,30000,2,2,60,1,1,0,3,0,0,4,2
22500,40000,0,0,40,1,1,1,0,3,0,0,0
23993,10000,0,1,26,1,1,0,3,2,0,0,2
14832,40000,1,0,42,1,0,1,0,4,1,0,0
16614,80000,0,3,32,0,0,0,0,3,1,2,2
20877,30000,1,0,37,1,1,1,0,0,1,1,0
20729,40000,2,1,34,0,0,0,3,0,0,0,0
22464,40000,0,0,37,1,0,1,1,0,1,0,0
19475,40000,0,0,40,1,0,0,0,3,0,0,0
19675,20000,4,2,60,0,0,1,2,4,1,4,2
12728,30000,0,1,27,0,1,1,3,0,0,1,0
26154,60000,1,1,43,1,0,1,3,4,1,4,2
29117,100000,1,3,48,0,1,1,0,1,0,0,2
17845,20000,0,2,32,0,1,0,4,2,0,1,0
25058,100000,1,3,47,0,0,1,0,1,1,3,2
23426,80000,5,3,40,0,1,1,1,1,1,0,2
14798,10000,4,2,41,1,1,0,4,2,1,0,0
12664,130000,5,4,59,0,0,0,3,3,1,0,0
23979,10000,2,0,50,0,1,1,3,2,0,0,0
25605,20000,2,1,54,1,1,0,3,2,0,0,0
20797,10000,1,0,48,0,0,0,0,2,1,0,0
21980,60000,1,1,44,1,1,0,0,3,1,4,2
25460,20000,2,0,40,1,0,0,2,2,1,0,0
29181,60000,2,1,38,1,1,0,0,3,0,0,2
24279,40000,2,2,52,0,1,1,3,4,0,1,2
22402,10000,0,1,25,1,0,1,3,2,1,3,2
15465,10000,0,1,25,0,0,0,3,2,0,0,2
26757,90000,1,1,47,1,1,1,0,3,1,3,2
14233,100000,0,3,35,0,1,1,2,1,1,2,2
14058,70000,0,1,41,1,1,1,0,3,0,4,2
12273,30000,1,0,47,0,0,1,0,0,1,0,0
17203,130000,4,4,61,1,0,0,3,3,1,4,0
18144,80000,5,2,61,0,0,0,0,1,1,3,0
23963,10000,0,2,33,0,0,1,4,2,0,0,0
17907,10000,0,1,27,0,0,0,3,2,1,3,2
19442,50000,0,0,37,1,1,1,1,4,1,0,0
17504,80000,2,2,52,1,1,0,3,4,1,4,2
12253,20000,0,0,29,1,1,0,3,2,1,0,2
27304,110000,2,3,48,0,1,0,3,3,0,4,0
14191,160000,4,2,55,1,0,1,3,3,0,2,0
12212,10000,0,0,37,1,0,0,1,2,1,0,0
25529,10000,1,0,44,0,1,1,1,2,1,0,0
22170,30000,3,2,55,1,0,0,3,0,0,1,2
19445,10000,2,1,38,0,0,0,2,2,0,0,0
15265,40000,2,2,66,1,1,1,0,1,1,4,2
28918,130000,4,4,58,0,0,0,2,1,0,2,0
15799,90000,1,1,47,1,0,0,0,3,1,3,2
11047,30000,3,2,56,1,0,0,2,4,0,1,2
18151,80000,5,2,59,0,1,1,3,3,0,2,0
20606,70000,0,4,32,1,0,0,0,3,1,2,2
19482,30000,1,1,44,1,0,1,3,0,1,0,0
16489,30000,3,2,55,0,0,1,2,4,1,4,2
26944,10000,2,0,36,1,1,1,2,2,1,0,0
15682,80000,5,2,62,0,1,0,0,1,1,2,0
26032,70000,5,4,41,0,0,0,0,3,1,2,2
17843,10000,0,2,32,0,1,0,4,2,0,0,0
25559,20000,0,0,25,1,1,1,0,0,1,0,2
16209,50000,0,0,36,0,1,0,1,4,1,1,0
11147,60000,2,1,67,1,0,1,1,1,1,0,2
15214,100000,0,1,39,1,1,0,1,1,0,1,2
11453,80000,0,3,33,1,1,1,0,3,0,2,2
24584,60000,0,3,31,0,1,1,0,3,0,3,2
12585,10000,1,0,27,1,0,1,2,2,1,3,2
18626,40000,2,0,33,1,1,1,3,0,1,1,0
29298,60000,1,1,46,1,1,0,3,4,1,4,2
24842,90000,3,1,51,0,1,0,2,3,0,3,0
15657,30000,3,0,46,1,0,1,1,0,1,0,0
11415,90000,5,2,62,0,1,1,3,3,0,2,0
28729,20000,0,2,26,1,1,0,4,2,1,1,0
22633,40000,0,0,37,1,1,0,1,0,1,0,0
25649,30000,3,0,42,1,1,0,3,0,1,0,0
14669,80000,4,1,36,0,0,0,1,1,1,0,2
19299,50000,0,0,36,1,0,0,1,4,1,0,0
20946,30000,0,1,30,0,1,0,3,0,0,3,0
11451,70000,0,4,31,1,1,1,0,3,0,2,2
25553,30000,1,0,65,1,0,1,0,0,1,0,0
27951,80000,4,2,54,1,1,1,3,3,0,3,0
25026,20000,2,3,54,0,0,1,4,0,1,4,2
13673,20000,0,2,25,0,1,0,4,2,0,0,0
16043,10000,1,0,48,0,1,1,0,2,1,0,0
22399,10000,0,1,26,1,1,1,3,2,1,1,2
27696,60000,1,1,43,1,0,1,0,3,1,4,2
25313,10000,0,2,35,0,1,1,4,2,0,1,0
13813,30000,3,0,42,0,0,0,3,0,0,0,0
18711,70000,5,4,39,0,1,0,0,3,1,2,2
19650,30000,2,2,67,0,0,0,3,0,0,0,2
14135,20000,1,0,63,0,0,1,3,2,1,1,0
12833,20000,3,1,42,1,1,0,2,2,1,0,0
26849,10000,3,2,43,0,0,1,4,2,1,0,0
20962,20000,1,0,45,0,0,0,1,0,1,0,0
28915,80000,5,3,57,0,1,1,2,1,1,2,0
22830,120000,4,3,56,0,0,1,3,1,1,2,0
14777,40000,0,0,38,1,0,0,0,0,1,0,0
12591,30000,4,0,45,0,0,0,1,0,1,0,0
24174,20000,0,0,27,1,0,1,0,0,1,0,2
24611,90000,0,4,35,1,1,1,0,3,0,2,2
11340,10000,1,0,70,1,0,0,1,0,1,0,0
25693,30000,5,0,44,1,1,0,1,0,1,0,0
25555,10000,0,1,26,1,0,0,3,2,0,0,2
22006,70000,5,3,46,0,0,1,3,4,1,4,2
20060,30000,0,1,34,1,1,0,2,2,0,3,0
17702,10000,1,0,37,0,0,1,1,2,1,0,0
12503,30000,3,2,27,0,1,0,3,0,1,0,0
23908,30000,1,1,39,1,1,1,0,0,0,0,0
22527,20000,0,1,29,0,1,0,2,2,0,3,0
19057,120000,3,2,52,1,0,0,0,1,0,2,0
18494,110000,5,4,48,1,0,1,0,1,1,3,2
11249,130000,3,3,51,1,0,0,3,3,1,0,0
21568,100000,0,4,34,1,0,0,2,1,1,2,2
13981,10000,5,3,62,0,0,0,2,4,0,1,2
23432,70000,0,1,37,1,1,1,0,3,1,4,2
22931,100000,5,1,78,1,0,1,1,1,0,1,2
18172,130000,4,3,55,0,0,1,2,3,1,0,0
12666,60000,0,4,31,0,1,1,0,3,0,3,2
20598,100000,3,0,59,1,0,1,4,3,1,2,0
21375,20000,2,2,57,0,1,1,4,0,1,4,2
20839,30000,3,0,47,1,1,0,1,0,1,0,0
21738,20000,1,0,43,0,0,1,1,0,1,0,0
14164,50000,0,0,36,1,1,0,1,4,1,0,0
14193,100000,3,4,56,0,1,0,3,1,1,2,0
12705,150000,0,4,37,1,0,1,0,1,1,0,2
22672,30000,2,0,43,0,1,0,3,0,1,0,0
26219,40000,1,1,33,1,0,0,0,4,1,1,0
28468,10000,2,0,51,0,0,0,3,2,1,1,0
23419,70000,5,3,39,0,1,0,0,3,1,2,2
17964,40000,0,0,37,1,0,1,1,0,1,0,0
20919,30000,2,2,42,0,1,0,3,0,1,0,0
20927,20000,5,2,27,0,1,0,2,2,1,0,0
13133,100000,5,1,47,1,1,1,0,3,1,4,2
19626,70000,5,3,45,0,0,1,3,4,1,4,2
21039,50000,0,0,37,1,1,0,1,4,0,0,0
12231,10000,2,0,51,1,1,0,3,2,1,0,0
25665,20000,0,1,28,0,1,0,2,2,0,1,0
24061,10000,4,1,40,1,0,1,4,2,1,0,0
26879,20000,0,1,30,0,1,0,2,2,0,3,0
12284,30000,0,0,36,1,0,0,0,0,0,0,0
26654,90000,1,0,37,1,0,0,1,1,1,0,2
14545,10000,2,0,49,0,0,0,3,2,1,1,0
24201,10000,2,0,37,1,0,0,2,2,1,0,0
20625,100000,0,3,35,1,0,1,2,1,1,2,2
16390,30000,1,0,38,1,1,1,0,0,0,0,0
14804,10000,3,2,43,0,1,0,4,2,1,0,0
12629,20000,1,0,37,0,1,1,3,2,0,0,0
14696,10000,0,2,34,0,1,1,4,2,0,0,0
22005,70000,5,3,46,0,0,0,3,4,0,4,2
14544,10000,1,0,49,0,1,1,3,2,1,0,0
14312,60000,1,1,45,0,0,0,3,4,1,4,2
29120,100000,1,4,48,0,1,0,0,1,1,3,2
24187,30000,3,0,46,1,1,0,1,0,0,0,0
15758,130000,0,0,48,0,0,1,1,1,1,4,2
29094,30000,3,2,54,1,0,1,2,4,1,4,2
28319,60000,1,1,46,1,1,0,3,4,0,0,2
16406,40000,0,0,38,1,0,1,0,0,0,0,0
20923,40000,1,0,42,1,0,0,0,4,1,0,0
11378,10000,1,1,46,1,1,0,2,2,0,3,0
20851,20000,0,1,36,1,1,1,3,2,0,3,0
21557,110000,0,3,32,1,1,0,3,1,1,2,2
26663,60000,2,1,39,1,1,0,0,3,0,0,2
11896,100000,1,0,36,1,0,1,1,1,1,3,2
14189,90000,4,2,54,1,0,0,2,3,0,3,0
13136,30000,2,2,69,0,0,0,3,0,0,4,2
25906,10000,5,2,62,0,1,0,2,4,0,1,2
17926,20000,0,0,28,1,0,0,0,0,0,0,2
26928,30000,1,0,62,1,1,1,0,0,1,0,0
20897,30000,1,2,40,0,0,0,0,4,1,0,0
28207,80000,4,1,36,1,0,1,1,1,1,0,2
25923,10000,2,2,58,0,1,1,4,0,1,4,2
11000,90000,2,0,40,1,0,1,0,3,1,1,2
20974,10000,2,1,66,0,0,1,0,0,1,0,0
28758,40000,2,1,35,1,0,1,3,0,1,1,0
11381,20000,2,1,47,1,0,0,3,2,1,3,0
17522,120000,4,1,47,0,0,1,0,1,1,3,2
21207,60000,1,1,46,0,0,1,3,4,1,4,2
28102,20000,4,2,58,1,0,1,2,4,1,4,2
23105,40000,3,2,52,1,1,1,4,0,0,4,2
18740,80000,5,1,47,1,0,1,0,3,0,0,2
21213,70000,0,1,41,0,1,1,0,3,0,4,2
17352,50000,2,1,64,1,0,1,1,1,1,4,2
14154,30000,0,0,35,1,0,1,0,0,1,0,0
19066,130000,4,3,54,0,0,1,3,3,0,2,0
11386,30000,3,0,45,0,0,0,0,0,1,0,0
20228,100000,0,0,40,1,0,1,1,1,1,3,2
16675,160000,0,3,47,1,1,0,1,1,0,0,2
16410,10000,4,2,41,1,1,0,4,2,1,0,0
27760,40000,0,0,37,1,1,0,1,0,0,0,0
22930,90000,4,0,38,1,0,1,0,3,1,1,2
23780,40000,2,2,36,1,1,1,3,0,0,0,0
20994,20000,0,0,26,1,0,0,0,0,0,0,2
28379,30000,1,2,40,0,0,1,0,4,1,0,0
14865,40000,2,2,36,0,1,1,3,0,1,1,0
12663,90000,5,2,59,0,0,0,4,4,1,2,0
24898,80000,0,3,32,0,1,0,0,3,1,2,2
19508,10000,0,2,30,0,0,1,4,2,0,0,0
11489,20000,0,2,35,1,1,0,4,2,0,1,0
18160,130000,3,4,51,1,0,1,2,3,1,4,0
25241,90000,2,1,47,0,0,1,0,3,1,4,2
24369,80000,5,2,39,0,0,0,1,1,0,0,2
27165,20000,0,2,34,0,1,1,4,2,0,0,0
29424,10000,0,2,32,0,0,1,4,2,1,0,0
15926,120000,3,4,50,1,1,0,2,3,1,4,0
14554,20000,1,0,66,0,0,1,0,0,1,0,0
16468,30000,0,1,30,0,1,1,3,0,1,3,0
19174,30000,0,1,32,1,1,0,2,2,0,3,0
19183,10000,0,2,35,0,1,1,4,2,1,1,0
13683,30000,0,1,32,0,1,0,2,2,0,3,0
17848,30000,0,1,31,1,1,1,3,0,0,3,0
17894,20000,1,0,50,1,0,0,0,0,1,0,0
25651,40000,1,0,43,1,0,1,0,4,0,0,0
22936,60000,1,1,45,1,1,0,3,4,0,0,2
23915,20000,2,2,42,0,0,1,2,2,1,0,0
24121,30000,0,1,29,1,1,0,3,0,0,0,0
27878,20000,0,0,28,1,1,1,3,2,0,0,2
13572,10000,3,0,37,1,1,1,2,2,1,0,0
27941,80000,4,2,53,0,0,0,3,3,1,3,0
26354,40000,0,0,38,1,1,1,1,0,0,0,0
14785,30000,1,1,39,0,1,1,0,0,0,1,0
17238,80000,0,3,32,0,1,1,0,3,1,2,2
23608,150000,3,3,51,1,0,0,2,3,1,0,0
22538,10000,0,2,33,0,1,0,4,2,1,1,0
12332,90000,4,3,58,1,0,1,2,1,1,4,0
17230,80000,0,3,30,0,0,1,0,3,1,2,2
13082,130000,0,0,48,1,1,1,1,1,1,3,2
22518,30000,3,2,27,1,1,0,3,0,0,0,0
13687,40000,1,1,33,1,0,1,0,4,1,0,0
23571,40000,2,2,66,1,0,0,0,1,1,0,2
19305,10000,2,1,38,1,1,0,2,2,1,0,0
22636,40000,0,0,38,1,1,0,0,0,0,0,0
17310,60000,1,1,45,1,0,1,3,4,1,0,2
12133,130000,3,3,50,1,0,0,3,3,1,4,0
25918,30000,2,2,60,1,1,0,3,0,0,4,2
25752,20000,2,1,53,1,1,0,3,2,0,0,0
17324,100000,4,1,46,0,0,0,0,3,1,2,2
22918,80000,5,3,40,0,1,1,1,1,1,0,2
12510,40000,1,1,43,1,0,1,0,4,1,0,0
25512,20000,0,1,30,0,1,1,2,2,0,3,0
16179,80000,5,4,38,0,1,0,0,3,1,1,2
15628,40000,1,1,89,0,0,0,0,4,1,0,0
20977,20000,1,0,64,1,0,1,0,0,1,0,0
18140,130000,3,3,51,1,0,1,3,3,0,4,0
20417,30000,3,2,56,0,0,1,3,0,0,4,2
18267,60000,3,2,43,0,0,1,0,3,1,4,2
13620,70000,0,3,30,1,1,1,0,3,0,2,2
22974,30000,2,2,69,0,0,0,3,0,1,4,2
13586,80000,4,2,53,0,0,1,3,3,1,2,0
17978,40000,0,0,37,1,0,1,1,0,1,0,0
12581,10000,0,1,28,1,1,0,3,2,0,0,2
18018,30000,3,0,43,0,1,1,3,0,1,0,0
28957,120000,0,4,34,1,1,0,4,3,1,2,2
13690,20000,0,2,34,1,1,0,4,2,0,1,0
12568,30000,1,0,64,0,0,0,0,0,1,0,0
13122,80000,0,1,41,1,0,0,0,3,1,1,2
21184,70000,0,1,38,0,1,1,0,3,0,4,2
26150,70000,0,1,41,1,1,0,0,3,0,0,2
24151,20000,1,0,51,0,1,1,0,0,0,0,0
23962,10000,0,2,32,0,0,0,4,2,1,1,0
17793,40000,0,0,38,1,0,0,0,0,1,0,0
14926,30000,1,0,38,1,0,1,0,0,1,0,0
16163,60000,2,1,38,1,1,1,0,3,1,3,2
21365,10000,2,2,58,0,0,0,4,0,1,4,2
27771,30000,1,1,39,1,1,1,0,0,1,1,0
26167,40000,2,1,53,1,1,0,0,1,0,4,2
25792,110000,3,4,53,0,1,0,0,1,1,2,0
11555,40000,1,0,80,0,0,0,0,0,1,0,0
22381,10000,1,0,44,0,0,1,1,2,1,0,0
17882,20000,1,0,44,0,0,1,1,0,1,0,0
22174,30000,3,2,54,1,0,1,2,4,1,4,2
22439,30000,0,0,37,1,0,0,0,0,1,0,0
18012,40000,1,0,41,0,0,0,0,4,1,0,0
27582,90000,2,0,36,1,1,0,0,3,0,0,2
12744,40000,2,0,33,0,1,0,3,0,1,0,0
22821,130000,3,4,52,0,0,0,3,3,1,0,0
20171,20000,2,1,46,1,0,0,3,2,1,0,0
11116,70000,5,2,43,0,0,1,3,4,1,4,2
20053,40000,2,0,34,0,1,1,3,0,1,0,0
25266,30000,2,2,67,0,1,0,3,0,0,4,2
17960,40000,0,0,35,1,0,0,1,0,1,0,0
13961,80000,5,3,40,0,0,0,1,1,1,0,2
11897,60000,2,1,37,1,1,1,0,3,0,0,2
11139,30000,2,2,67,0,1,0,3,0,0,4,2
11576,30000,1,2,41,1,0,1,0,4,1,0,0
19255,10000,2,1,51,1,1,1,3,2,1,0,0
18153,100000,2,4,59,0,0,0,0,1,1,2,0
14547,10000,2,0,51,0,0,1,3,2,1,1,0
24901,110000,0,3,32,1,1,1,3,1,0,2,2
27169,30000,0,1,34,1,1,1,2,2,1,3,0
14805,10000,3,2,43,0,1,0,4,2,1,0,0
15822,40000,2,2,67,0,0,1,0,1,1,0,2
19389,30000,0,1,28,0,1,1,3,0,0,3,0
17048,90000,1,0,36,1,1,0,1,1,1,0,2
22204,110000,4,3,48,0,0,1,0,1,1,3,2
12718,30000,0,1,31,0,1,0,3,0,1,3,0
15019,30000,3,2,55,0,1,0,2,4,1,4,2
28488,20000,0,0,28,1,1,1,3,2,1,0,2
21891,110000,0,3,34,1,0,0,2,1,1,2,2
27814,30000,3,1,26,0,1,0,3,0,0,0,0
22175,30000,3,2,53,1,0,0,2,4,1,4,2
29447,10000,2,1,68,0,1,0,0,0,0,3,0
19784,80000,2,2,50,1,0,0,2,4,1,4,2
27824,30000,3,2,28,1,1,0,3,0,1,0,0
24093,80000,0,0,40,1,1,0,1,4,0,0,0
19618,70000,5,2,44,0,0,1,3,4,1,0,2
21561,90000,0,3,34,1,1,1,0,3,0,2,2
11061,80000,2,2,52,1,0,1,3,4,1,4,2
26651,80000,4,0,36,1,1,1,1,1,1,0,2
21108,40000,1,1,43,1,0,0,0,4,1,0,0
12731,30000,0,1,32,0,1,1,2,2,0,1,0
25307,40000,1,1,32,1,0,0,0,4,1,1,0
14278,130000,0,1,48,0,0,0,1,1,1,2,2
20711,40000,1,0,32,1,0,0,0,4,1,1,0
11383,30000,3,0,46,0,0,0,1,0,1,0,0
12497,40000,1,0,42,0,0,0,0,4,1,0,0
16559,10000,2,0,36,1,1,0,2,2,1,0,0
11585,40000,1,0,41,0,0,0,0,4,1,0,0
20277,30000,2,2,69,0,0,0,3,0,0,0,2
26765,70000,5,2,45,0,1,0,3,4,1,4,2
12389,30000,0,1,34,0,1,1,2,2,0,3,0
13585,80000,4,1,53,1,0,0,3,3,0,3,0
26385,120000,3,4,50,0,1,1,2,3,0,4,0
12236,20000,1,0,65,0,0,0,3,2,1,0,0
21560,120000,0,4,32,1,0,1,4,3,1,2,2
21554,80000,0,3,33,0,1,0,0,3,0,2,2
13662,20000,0,2,31,1,1,1,4,2,1,1,0
13089,120000,1,2,46,1,0,0,0,1,1,0,2
14791,40000,0,0,39,1,0,0,0,0,1,0,0
19331,20000,2,1,40,0,1,1,2,2,1,0,0
17754,30000,3,0,46,1,1,0,0,0,1,0,0
11149,40000,2,2,65,0,0,1,0,1,1,0,2
16549,30000,3,0,47,1,1,0,0,0,1,0,0
24305,100000,1,3,46,1,1,1,0,1,0,0,2
18253,80000,5,3,40,0,0,0,1,1,1,0,2
20147,30000,1,0,65,0,0,0,0,0,1,0,0
15612,30000,0,1,28,0,1,1,2,2,0,1,0
28323,70000,0,2,43,1,1,1,0,3,0,4,2
22634,40000,0,0,38,1,1,0,1,0,1,0,0
15665,30000,0,0,47,1,0,0,0,0,1,0,0
27585,90000,2,0,36,1,0,0,0,3,0,0,2
19748,20000,4,2,60,0,0,1,2,4,0,1,2
21974,70000,0,1,42,1,1,0,0,3,1,4,2
14032,70000,2,2,50,1,0,1,2,4,0,1,2
22610,30000,0,0,35,1,0,1,0,0,1,0,0
26984,40000,1,1,32,1,0,1,0,4,1,0,0
18294,90000,1,1,46,0,0,0,0,3,1,4,2
28564,40000,2,0,33,1,1,0,3,0,1,1,0
28521,40000,0,0,36,1,1,1,1,0,0,0,0
15450,10000,1,0,70,0,0,1,1,0,1,0,0
25681,30000,0,1,31,1,1,0,3,0,0,3,0
19491,30000,2,2,42,0,1,1,3,0,1,0,0
26415,90000,4,4,58,0,0,0,4,4,1,2,0
12821,40000,0,0,39,0,0,1,0,0,1,0,0
15629,10000,0,2,34,0,1,0,4,2,1,1,0
27835,20000,0,2,32,0,0,1,4,2,1,0,0
11738,60000,4,0,46,0,0,1,0,3,1,3,1
25065,70000,2,2,48,0,0,1,4,4,1,4,1
26238,40000,3,1,31,1,1,0,3,0,1,1,1
23707,70000,5,3,60,1,1,1,0,1,1,2,1
27650,70000,4,0,51,0,0,1,2,3,1,4,1
24981,60000,2,2,56,0,0,1,3,3,1,2,1
20678,60000,3,1,40,1,1,0,0,4,1,3,1
15302,70000,1,0,34,1,1,0,1,3,1,3,1
26012,80000,1,1,48,1,0,1,3,4,1,3,1
26575,40000,0,2,31,1,1,0,2,4,0,1,1
15559,60000,5,1,47,0,0,1,0,3,1,3,1
19235,50000,0,0,34,0,0,0,1,4,1,0,1
15275,40000,0,1,29,0,0,1,3,4,1,4,1
20339,130000,1,4,44,1,0,0,0,1,1,3,1
25405,70000,2,1,38,1,0,1,0,4,1,3,1
15940,100000,4,4,40,0,0,1,3,3,1,0,1
25074,70000,4,2,42,1,0,0,0,3,1,3,1
24738,40000,1,1,51,1,0,0,3,0,1,1,1
16337,60000,0,2,29,0,0,1,3,4,0,1,1
24357,60000,3,1,48,1,0,1,0,3,1,3,1
18613,70000,0,1,37,1,1,1,0,3,0,3,1
12207,80000,4,2,66,1,1,1,0,1,1,4,1
18052,60000,1,1,45,1,0,0,3,4,1,0,1
13353,60000,4,2,61,1,1,0,1,1,1,2,1
19399,40000,0,1,45,0,1,1,0,3,0,3,1
16154,70000,5,2,47,0,0,0,0,3,1,3,1
22219,60000,2,2,49,0,0,0,2,3,1,4,1
17269,60000,3,0,47,1,1,1,0,3,0,0,1
23586,80000,0,1,34,1,0,0,0,1,1,1,1
15740,80000,5,2,64,0,0,1,0,1,1,1,1
27638,100000,1,3,44,0,1,1,3,3,0,1,1
18976,40000,4,2,62,1,1,1,2,3,1,2,1
19413,60000,3,1,47,1,1,1,0,3,0,0,1
13283,80000,3,2,49,1,0,1,3,3,0,0,1
17471,80000,4,2,67,0,1,0,1,1,1,4,1
16791,60000,5,3,59,1,1,1,0,1,1,2,1
15382,110000,1,2,44,0,0,0,0,1,1,1,1
11641,50000,1,0,36,0,0,1,0,4,1,0,1
11935,30000,0,1,28,0,1,0,3,4,1,4,1
13233,60000,2,1,57,1,0,1,3,3,1,2,1
25909,60000,0,1,27,1,0,1,3,4,1,4,1
14092,30000,0,2,28,0,1,1,4,0,1,4,1
29143,60000,1,1,44,1,1,0,0,3,0,0,1
24941,60000,3,2,66,0,0,1,0,1,1,2,1
24637,40000,4,2,64,0,0,1,2,3,1,2,1
23893,50000,3,3,41,0,0,1,0,4,1,2,1
13907,80000,3,1,41,1,1,0,0,4,1,0,1
14900,40000,1,1,49,1,0,0,3,0,1,1,1
11262,80000,4,0,42,0,0,0,0,1,1,0,1
22294,70000,0,1,37,1,1,0,0,3,0,3,1
12195,70000,3,2,52,0,1,0,1,1,1,1,1
25375,50000,1,0,34,0,0,1,1,4,1,1,1
11143,40000,0,2,29,0,0,1,2,4,1,4,1
25898,70000,2,2,53,0,0,0,2,3,1,3,1
24397,120000,2,4,40,0,1,1,0,1,0,1,1
19758,60000,0,2,29,0,1,1,3,4,0,1,1
15529,60000,4,2,43,1,0,1,0,3,1,3,1
19884,60000,2,2,55,1,0,1,2,3,1,3,1
18674,80000,4,0,48,0,1,0,1,4,0,0,1
13453,130000,1,3,45,1,0,0,0,1,1,0,1
14063,70000,0,1,42,1,1,0,0,3,0,0,2
27393,50000,4,2,63,0,0,0,0,1,1,2,1
14417,60000,3,2,54,1,1,1,2,3,1,2,1
17533,40000,3,2,73,1,0,1,3,3,0,4,1
18580,60000,2,0,36,1,0,0,1,3,1,3,1
17025,50000,0,1,39,1,1,1,3,4,0,3,1
25293,80000,4,0,42,0,0,1,0,1,1,1,1
24725,40000,3,0,31,0,0,0,3,0,1,1,1
23200,50000,3,2,41,0,0,0,0,4,1,0,1
15895,60000,2,0,58,0,1,0,0,1,1,2,1
18577,60000,0,0,40,0,0,0,1,3,1,0,1
27218,20000,2,2,48,0,0,0,4,0,0,0,1
18560,70000,2,0,34,1,0,0,1,3,1,3,1
25006,30000,0,1,28,0,1,0,3,4,1,4,1
17369,30000,0,1,27,0,1,1,3,4,1,4,1
14495,40000,3,2,54,1,0,1,3,3,0,4,1
18847,60000,2,2,70,0,0,0,1,1,1,4,1
14754,40000,1,1,48,1,0,1,3,0,1,1,1
23378,70000,1,1,44,1,0,1,3,4,1,3,1
26452,50000,3,2,69,0,1,1,1,1,1,2,1
20370,70000,3,2,52,0,0,1,4,4,1,4,1
20528,40000,2,2,55,0,0,1,4,4,1,3,1
23549,30000,0,2,30,0,1,1,2,4,1,4,1
21751,60000,3,2,63,0,0,1,1,1,1,1,1
21266,80000,0,1,34,1,1,0,0,1,1,1,1
13388,60000,2,1,56,0,1,1,3,3,1,2,1
18752,40000,0,1,31,0,1,0,2,4,1,4,1
16917,120000,1,4,38,0,0,1,0,1,1,0,1
15313,60000,4,2,59,0,0,1,0,1,1,3,1
25329,40000,3,2,32,0,1,0,3,0,0,0,1
20380,60000,3,2,69,0,0,0,1,1,1,2,1
23089,40000,0,1,28,0,0,1,3,4,1,4,1
13749,80000,4,0,47,0,0,1,1,4,1,1,1
24943,60000,3,2,66,0,0,1,0,1,1,2,1
28667,70000,2,1,37,1,1,1,0,4,0,0,1
15194,120000,2,3,39,1,1,1,0,1,0,0,1
17436,60000,2,2,51,0,0,1,2,3,0,1,1
18935,130000,0,3,40,0,0,0,1,1,1,1,1
16871,90000,2,1,51,1,0,0,2,3,1,2,1
12100,60000,2,0,57,0,1,1,0,1,1,2,1
23158,60000,1,0,35,1,0,0,1,3,0,0,1
18545,40000,4,2,61,1,0,1,2,3,0,2,1
18391,80000,5,2,44,0,1,0,3,3,1,4,1
19812,70000,2,0,49,1,1,0,3,3,1,4,1
27660,80000,4,2,70,0,0,1,1,1,1,4,1
18058,20000,3,2,78,0,1,0,2,4,1,3,1
20343,90000,4,1,45,0,0,0,3,3,1,1,1
28997,40000,2,1,58,1,1,1,2,3,0,3,1
24398,130000,1,4,41,0,0,1,1,1,1,0,1
19002,60000,2,1,57,1,0,0,3,3,1,3,1
28609,30000,2,2,49,0,0,1,2,4,0,0,1
29231,80000,4,2,43,0,1,0,3,3,0,0,1
18858,60000,2,2,52,1,1,1,4,4,1,4,1
20000,60000,1,0,35,1,0,1,1,3,1,0,1
25261,40000,0,2,27,0,0,1,2,4,1,4,1
17458,70000,3,0,52,1,1,1,2,3,1,4,1
11644,40000,2,0,36,0,1,1,0,4,1,3,1
16145,70000,5,3,46,1,1,0,1,3,1,2,1
16890,60000,3,2,52,1,0,1,4,4,1,4,1
25983,70000,0,1,43,0,0,1,0,3,0,0,1
14633,60000,1,1,44,0,0,1,3,4,1,3,1
22994,80000,0,1,34,1,0,0,0,1,1,1,1
22983,30000,0,2,27,0,1,0,4,0,1,4,1
25184,110000,1,4,45,1,1,1,3,3,1,4,1
14469,100000,3,4,45,0,0,0,3,3,1,1,1
11538,60000,4,0,47,1,1,0,1,4,0,0,1
16245,80000,4,0,47,0,1,0,1,4,1,1,1
17858,40000,4,2,44,1,0,1,2,4,1,3,1
25347,20000,3,2,49,0,1,0,4,0,0,0,1
15814,40000,0,1,30,0,1,0,2,4,1,4,1
11259,100000,4,4,41,1,0,0,3,3,1,3,1
11200,70000,4,1,58,0,0,1,0,1,1,1,1
25101,60000,5,1,47,0,0,1,0,3,1,3,1
21801,70000,4,1,55,0,0,0,3,3,1,1,1
25943,70000,0,2,27,1,1,0,3,4,0,0,1
22127,60000,3,2,67,0,0,1,1,1,1,1,1
20414,60000,0,2,29,0,0,0,3,4,1,4,1
23672,60000,3,2,67,0,0,0,1,1,1,1,1
29255,80000,3,1,51,1,1,1,3,3,0,1,1
28815,50000,1,0,35,0,0,0,1,4,1,0,1
27753,40000,0,2,30,0,0,1,2,4,0,1,1
27643,70000,5,3,44,0,1,1,3,3,1,3,1
13754,80000,4,0,48,0,1,0,1,4,1,1,1
22088,130000,1,2,45,1,0,0,0,1,1,0,1
27388,60000,3,2,66,0,0,1,0,1,0,1,1
24745,30000,2,2,49,0,1,0,2,4,0,0,1
29237,120000,4,3,43,1,1,0,3,3,1,4,1
15272,40000,0,2,30,0,1,1,2,4,0,1,1
18949,70000,3,2,74,1,1,1,1,1,1,4,1
14507,100000,2,3,65,0,0,1,1,1,1,1,1
25886,60000,2,2,56,1,0,0,3,3,1,3,1
21441,50000,4,2,64,0,0,1,0,1,1,2,1
21741,70000,3,2,50,1,0,0,3,3,1,4,1
14572,70000,3,0,35,1,0,0,1,3,1,3,1
23368,60000,5,3,41,0,0,0,0,4,1,2,1
16217,60000,0,0,39,0,1,0,1,4,1,0,1
16247,60000,4,0,47,0,1,0,1,4,1,1,1
22010,40000,0,2,31,0,1,1,2,4,1,4,1
25872,70000,2,1,58,1,1,0,0,1,0,3,1
19164,70000,0,1,38,1,1,0,0,3,0,3,1
18435,70000,5,2,67,1,1,0,1,1,1,2,1
14284,60000,0,2,32,1,1,1,3,3,0,1,1
11287,70000,5,3,45,0,0,1,3,3,0,4,1
13066,30000,0,2,31,1,1,1,2,4,0,1,1
29106,40000,0,2,31,1,1,1,2,4,0,1,1
26236,40000,3,1,31,0,0,0,3,0,1,0,1
17531,60000,2,2,50,0,0,1,2,3,0,4,1
12964,70000,1,1,44,0,0,1,3,4,1,0,1
19133,50000,2,1,38,1,1,1,0,4,1,3,1
24643,60000,4,2,63,0,1,0,0,1,1,2,1
21599,60000,1,0,36,1,0,0,1,3,1,3,1
22976,40000,0,2,28,1,1,1,2,4,0,0,1
27637,100000,1,3,44,0,1,0,3,3,0,1,1
11890,70000,5,1,47,0,0,0,1,3,1,0,1
28580,80000,0,0,40,1,0,0,1,4,1,1,1
14443,130000,1,4,40,0,0,1,1,1,1,0,1
17864,60000,1,1,46,1,0,0,3,4,1,3,1
20505,40000,5,2,61,0,0,0,2,3,0,2,1
14592,60000,0,0,40,0,0,0,1,3,1,0,1
22227,60000,2,2,50,0,0,0,2,3,1,4,1
21471,70000,2,1,59,0,0,1,3,3,1,2,1
22252,60000,1,0,36,1,1,0,1,3,1,3,1
21260,40000,0,2,30,0,1,0,2,4,1,4,1
11817,70000,4,0,35,1,1,0,1,3,1,3,1
19223,30000,2,2,48,0,0,0,2,4,1,1,1
18517,100000,3,4,41,0,0,1,0,1,1,0,1
21717,40000,2,1,47,0,0,1,3,0,1,0,1
13760,60000,4,0,47,0,0,1,1,4,0,0,1
18145,80000,5,2,62,0,0,1,0,1,0,3,0
21770,60000,4,2,60,0,0,1,0,1,1,2,1
11165,60000,0,1,33,0,0,0,3,4,0,1,1
16377,80000,4,0,47,0,1,0,1,4,0,0,1
26248,20000,3,2,52,0,0,1,4,0,0,0,1
23461,90000,5,3,40,0,0,0,3,3,1,3,1
29133,60000,4,2,42,0,1,0,0,4,0,0,1
27673,60000,3,2,53,1,1,0,1,1,1,4,1
12774,40000,1,1,51,1,0,0,3,0,1,1,1
18910,30000,0,2,30,0,1,1,3,4,1,4,1
11699,60000,4,2,43,0,1,1,0,4,0,0,1
16725,30000,0,2,26,0,0,1,2,4,1,4,1
28269,130000,1,1,45,0,1,0,0,1,0,3,1
23144,50000,1,0,34,1,0,1,0,4,1,0,1
23376,70000,1,1,44,1,0,1,0,3,1,3,1
25970,60000,4,2,41,1,1,0,0,4,0,0,1
28068,80000,3,0,36,1,1,0,1,3,0,0,1
18390,80000,5,2,44,0,0,1,3,3,1,0,1
29112,60000,0,2,30,0,1,1,3,3,0,1,1
14090,30000,0,2,28,0,0,0,4,0,0,0,1
27040,20000,2,2,49,0,0,1,4,0,1,1,1
23479,90000,0,2,43,1,1,1,3,3,0,0,1
16795,70000,4,1,59,0,0,0,0,1,1,1,1
22014,30000,0,2,26,0,1,1,2,4,1,4,1
13314,120000,1,4,46,1,0,1,2,3,1,4,1
11619,50000,0,0,33,0,1,0,1,4,1,1,1
29132,40000,0,1,42,1,1,0,0,3,1,3,1
11199,70000,4,1,59,0,0,0,0,1,1,2,1
20296,60000,0,1,33,1,1,0,3,4,0,1,1
17546,70000,1,1,44,1,0,0,3,4,1,0,1
18069,70000,5,4,60,0,0,1,0,1,1,2,1
23712,70000,2,1,59,0,1,0,0,1,1,2,1
23358,60000,0,2,32,1,0,1,2,3,1,4,1
20518,70000,2,1,58,0,0,0,3,3,1,2,1
28026,40000,2,2,59,0,0,0,2,3,0,3,1
11669,70000,2,1,38,0,1,0,0,4,1,3,1
16020,40000,0,2,28,1,0,1,2,4,1,4,1
27090,60000,1,0,37,1,0,0,1,3,1,3,1
27198,80000,0,0,40,0,1,0,1,4,0,0,1
19661,90000,4,1,38,1,1,1,0,1,1,1,1
26327,70000,4,0,36,1,0,1,1,3,1,3,1
26341,70000,5,2,37,0,0,0,1,3,1,0,1
24958,40000,5,3,60,1,1,0,2,3,0,3,1
13287,110000,4,4,42,1,1,1,0,1,1,4,1
14493,70000,3,2,53,0,1,0,1,1,0,1,1
26678,80000,2,2,49,0,1,0,4,4,1,4,1
23275,30000,2,2,49,0,0,1,2,4,1,1,1
11270,130000,2,3,42,1,0,1,1,1,1,0,1
20084,20000,2,2,53,0,0,1,2,2,0,0,1
16144,70000,1,1,46,1,0,1,1,3,1,0,1
27731,40000,0,2,27,0,0,1,2,4,1,4,1
11886,60000,3,1,48,1,0,0,0,3,1,0,1
24324,60000,4,2,41,1,1,0,0,4,1,3,1
22220,60000,2,2,49,1,0,1,2,3,0,1,1
26625,60000,0,1,38,1,1,0,1,3,1,3,1
23027,130000,1,4,44,0,1,1,0,1,0,0,1
16867,130000,1,3,45,1,1,0,0,1,0,0,1
14514,30000,0,1,26,0,1,0,3,4,1,4,1
19634,40000,0,1,31,0,0,1,2,4,1,4,1
18504,70000,2,2,49,0,0,1,4,4,0,1,1
28799,40000,2,1,47,1,1,0,3,0,0,1,1
11225,60000,2,1,55,0,0,0,3,3,1,2,1
17657,40000,4,0,30,0,0,1,3,0,0,0,1
14913,40000,1,1,48,1,0,0,3,0,1,1,1
14077,30000,0,2,30,0,1,1,2,4,1,4,1
13296,110000,1,3,45,0,0,1,0,1,1,4,1
20535,70000,4,1,56,0,0,0,3,3,1,2,1
12452,60000,4,0,47,1,0,1,1,4,1,1,1
28043,60000,2,0,56,0,0,0,0,1,1,2,1
12957,70000,1,1,44,0,1,0,0,3,0,0,1
15412,130000,2,3,69,0,0,1,1,1,1,3,1
20514,70000,2,1,59,0,0,0,3,3,1,3,1
20758,30000,2,2,50,0,0,1,2,4,1,1,1
11801,60000,1,0,36,0,0,1,1,3,1,3,1
22211,60000,0,2,32,0,0,1,3,3,1,4,1
28087,40000,0,1,27,0,1,0,3,4,0,1,1
23668,40000,4,2,59,1,0,0,2,3,1,4,1
27441,60000,3,2,53,0,0,1,2,3,0,3,1
27261,40000,1,1,36,1,0,1,0,4,0,0,1
18649,30000,1,2,51,1,1,1,2,0,1,1,1
21714,80000,5,0,47,0,1,0,1,4,0,0,1
23217,60000,3,0,43,1,1,0,1,3,1,3,1
23797,20000,3,2,50,0,1,1,4,0,0,0,1
13216,60000,5,3,59,0,0,0,0,1,1,2,1
20657,50000,2,0,37,1,1,1,0,4,1,3,1
12882,50000,1,0,33,1,0,1,1,4,1,0,1
25908,60000,0,1,27,0,0,0,3,4,0,1,1
16753,70000,0,2,34,1,1,0,3,4,1,4,1
14608,50000,4,3,42,0,0,1,0,4,1,2,1
24979,60000,2,2,57,1,0,0,3,3,1,3,1
13313,120000,1,4,45,0,0,0,2,3,0,3,1
18952,100000,4,4,40,0,0,0,0,1,1,0,1
17699,60000,1,0,35,0,0,1,1,4,0,0,1
14657,80000,1,1,47,1,0,1,3,4,0,0,1
11540,60000,4,0,47,1,1,1,1,4,1,1,1
11783,60000,1,0,34,0,0,0,1,4,1,0,1
14602,80000,3,0,36,1,0,0,1,3,1,0,1
29030,70000,2,2,54,0,0,1,4,4,1,2,1
26490,70000,2,1,59,1,1,1,0,1,0,3,1
13151,40000,0,2,27,0,1,1,2,4,1,4,1
17260,90000,5,3,41,0,0,1,3,3,1,0,1
15372,80000,3,2,50,1,0,1,3,3,0,3,1
18105,60000,2,1,55,0,0,0,3,3,1,2,1
19660,80000,4,0,43,0,0,1,0,1,1,0,1
16112,70000,4,2,43,1,1,1,0,3,1,3,1
20698,60000,4,3,42,0,0,1,0,4,1,4,1
20076,10000,2,2,53,1,1,0,2,2,1,1,1
24496,40000,0,2,28,1,1,0,2,4,0,0,1
15468,50000,1,1,35,0,0,0,0,4,1,0,1
28031,70000,2,1,59,1,1,0,0,1,0,3,1
26270,20000,2,2,49,0,1,0,4,0,1,1,1
22221,60000,2,2,48,1,0,1,2,3,0,1,1
28228,80000,2,2,50,0,1,0,4,4,0,1,1
18363,40000,0,2,28,1,0,1,2,4,1,4,1
23256,30000,1,1,52,0,1,1,2,0,0,4,1
12768,30000,1,1,52,1,0,1,2,0,1,3,1
20361,50000,2,2,69,0,0,1,1,1,1,4,1
21306,60000,2,2,51,0,1,1,2,3,1,4,1
13382,70000,5,2,57,1,0,1,3,3,1,1,1
20310,60000,0,1,27,1,1,1,3,4,1,4,1
22971,30000,0,2,25,1,1,0,2,4,0,0,1
15287,50000,1,0,33,1,1,0,1,4,1,1,1
15532,60000,4,2,43,1,1,1,0,3,1,3,1
11255,70000,4,2,73,0,0,1,1,1,1,4,1
28090,40000,0,1,27,0,0,1,3,4,1,4,1
15255,40000,0,2,28,1,0,1,2,4,1,4,1
13154,40000,0,2,27,1,0,1,2,4,0,0,1
26778,40000,0,2,31,0,1,0,2,4,1,4,1
23248,10000,2,2,53,0,0,0,2,2,1,1,1
21417,60000,0,2,32,1,1,0,3,3,0,1,1
17668,30000,2,2,50,1,1,1,2,4,1,1,1
27994,40000,4,2,69,0,0,0,2,3,1,4,1
20376,70000,3,2,52,1,1,0,1,1,1,4,1
25954,60000,0,2,31,0,0,1,3,4,0,1,1
15749,70000,4,2,61,0,1,0,0,1,1,2,1
25899,70000,2,2,53,0,0,0,2,3,1,2,1
13351,70000,4,2,62,1,1,0,0,1,1,1,1
23333,40000,0,2,30,0,0,1,3,4,0,1,1
21660,60000,3,0,43,1,0,0,1,3,1,3,1
17012,60000,3,0,42,1,0,0,1,3,1,3,1
24514,40000,0,1,30,0,0,1,3,4,1,4,1
27505,40000,0,2,30,0,1,0,2,4,1,4,1
29243,110000,1,1,43,0,1,1,0,1,1,4,1
26582,60000,0,2,33,1,0,1,3,4,1,4,1
14271,30000,0,2,32,0,0,1,2,4,1,4,1
23041,70000,4,0,50,1,1,0,2,3,1,4,1
29048,110000,2,3,37,1,1,1,0,1,0,0,1
24433,70000,3,1,52,1,0,1,2,3,0,1,1
15501,70000,4,0,36,1,0,1,1,3,1,3,1
13911,80000,3,2,41,1,1,0,0,4,1,3,1
20421,40000,0,2,26,0,1,0,4,0,1,4,1
16009,170000,1,4,66,0,1,1,1,1,0,0,1
18411,60000,2,2,51,0,0,1,2,3,0,4,1
19163,70000,4,2,43,1,0,0,0,3,1,0,1
18572,60000,0,0,39,0,0,0,1,3,1,0,1
27540,70000,0,1,37,1,1,0,0,3,0,0,1
19889,70000,2,2,54,1,1,0,4,4,0,3,1
12922,60000,3,0,40,1,1,0,0,4,1,3,1
18891,40000,0,2,28,0,0,0,3,4,1,4,1
16773,60000,1,0,33,0,0,1,1,4,1,0,1
19143,80000,3,2,41,1,1,0,0,4,1,3,1
23882,80000,3,0,37,1,1,0,1,3,1,0,1
11233,70000,4,2,53,0,0,1,3,3,1,2,1
12056,120000,2,3,64,0,0,1,1,1,1,4,1
15555,60000,1,1,45,1,0,0,3,4,1,3,1
18423,80000,2,2,52,0,1,1,4,4,0,1,1
22743,40000,5,2,60,0,0,0,2,3,1,2,1
25343,20000,3,2,50,0,1,0,4,0,1,1,1
13390,70000,4,1,56,0,0,0,3,3,0,1,1
17482,40000,0,2,29,0,1,0,4,0,1,4,1
13176,130000,0,2,38,1,1,1,1,1,0,0,1
20504,40000,5,2,60,0,0,0,2,3,0,3,1
12205,130000,2,4,67,0,1,0,0,1,0,0,1
16751,60000,0,1,32,1,0,1,3,4,1,4,1
21613,50000,2,1,39,1,1,1,0,4,0,0,1
24801,60000,1,0,35,1,1,1,1,3,1,3,1
17519,60000,0,2,32,0,0,0,3,3,1,4,1
18347,30000,0,1,31,0,1,0,3,4,0,1,1
29052,40000,0,1,27,0,1,1,3,4,1,4,1
11745,60000,1,1,47,1,0,0,0,3,1,0,1
19147,40000,0,1,42,0,0,1,0,3,0,0,1
19217,30000,2,2,49,0,0,1,2,4,1,1,1
15839,30000,0,1,32,0,1,1,3,4,1,4,1
13714,20000,2,2,53,1,0,0,2,2,0,1,1
22330,50000,0,0,32,1,0,1,1,4,1,1,1
18783,80000,0,1,38,1,1,1,0,1,0,0,1
25041,40000,0,2,31,0,1,1,2,4,1,4,1
22046,80000,0,1,38,1,1,0,0,1,0,0,1
28052,60000,2,2,55,0,0,1,2,3,1,2,1
26693,70000,3,1,49,0,0,1,3,3,1,4,1
24955,30000,5,3,60,1,1,1,4,4,1,2,1
26065,110000,3,4,42,0,1,0,0,1,0,1,1
13942,60000,1,1,46,0,0,1,3,4,1,0,1
11219,60000,2,2,55,0,0,1,2,3,1,2,1
22118,70000,3,2,53,1,1,0,1,1,1,4,1
23197,50000,3,2,40,0,0,1,0,4,1,3,1
14883,30000,1,1,53,1,0,0,0,4,1,4,1
27279,70000,2,0,38,1,1,0,0,4,1,3,1
18322,30000,0,2,26,0,1,1,4,0,0,0,1
15879,70000,5,2,61,0,0,1,0,1,1,3,1
28278,50000,2,2,71,0,0,1,1,1,1,4,1
24416,90000,4,2,45,0,0,1,2,3,1,1,1
28066,80000,2,0,37,1,0,1,1,3,1,0,1
11275,80000,4,2,72,1,0,0,1,1,1,0,1
14872,30000,0,0,32,0,0,1,1,4,1,0,1
16151,60000,1,1,48,1,0,0,0,3,1,3,1
19731,80000,4,2,68,0,0,1,1,1,1,4,1
23801,20000,2,2,49,0,0,0,4,0,1,0,1
11807,70000,3,0,34,0,0,1,1,3,1,3,1
11622,50000,0,0,32,0,0,1,1,4,1,0,1
26597,60000,4,2,42,0,1,0,0,4,0,0,1
27074,70000,1,0,35,1,0,0,1,4,1,0,1
19228,40000,2,1,48,0,0,0,3,0,1,0,1
13415,100000,1,3,73,1,1,1,1,1,1,3,1
17000,70000,4,2,43,1,1,0,0,4,1,3,1
14569,60000,1,0,35,0,0,1,1,3,1,0,1
13873,70000,3,0,35,1,0,1,1,3,1,0,1
20401,50000,4,2,64,1,0,0,0,1,1,1,1
21583,50000,1,0,34,1,0,0,0,4,1,0,1
12029,30000,0,2,28,0,0,1,4,0,0,0,1
18066,70000,5,3,60,1,1,1,0,1,1,2,1
28192,70000,5,3,46,0,0,0,1,3,1,2,1
16122,40000,4,2,44,1,0,1,2,4,1,0,1
18607,60000,4,2,42,1,1,0,0,4,1,3,1
28858,80000,3,0,40,0,1,1,0,4,1,3,1
14432,90000,4,1,73,0,1,1,1,1,1,4,1
26305,60000,2,0,36,1,1,0,0,4,0,0,1
22050,90000,4,1,38,1,1,1,0,1,1,1,1
25394,60000,1,0,34,1,0,1,1,3,1,3,1
19747,50000,4,2,63,0,0,1,0,1,1,2,1
23195,50000,3,2,41,1,1,1,0,4,1,3,1
21695,60000,0,0,39,1,0,1,1,4,1,1,1
13934,40000,4,2,46,0,0,1,2,4,1,3,1
13337,80000,5,2,64,0,0,0,0,1,1,4,1
27190,40000,3,1,32,0,0,0,3,0,1,1,1
28657,60000,2,0,36,1,1,1,0,4,1,3,1
21713,80000,5,0,47,0,1,1,1,4,0,0,1
21752,60000,3,2,64,0,0,1,1,1,1,2,1
27273,70000,3,0,35,1,1,1,1,3,0,0,1
22719,110000,3,4,40,1,1,1,0,1,1,3,1
22042,70000,0,2,34,1,0,0,3,4,1,4,1
21451,40000,4,2,61,0,0,0,2,3,1,2,1
20754,30000,2,2,51,0,0,1,2,4,1,1,1
12153,70000,3,1,49,1,1,0,3,3,1,4,1
16895,40000,3,2,54,1,0,0,3,3,0,1,1
26728,70000,3,2,53,1,1,1,1,1,0,1,1
11090,90000,2,1,48,1,1,1,3,3,1,3,1
15862,50000,0,0,33,1,1,0,1,4,1,1,1
26495,40000,2,2,57,0,1,0,2,3,1,2,1
11823,70000,0,0,39,0,0,0,1,3,1,3,1
23449,60000,2,2,48,0,0,1,2,3,1,4,1
23459,60000,2,2,50,0,0,1,2,3,1,4,1
19543,70000,5,3,47,0,0,1,1,3,0,2,1
14914,40000,1,1,49,1,0,0,3,0,1,1,1
12033,40000,0,2,27,1,1,0,2,4,0,0,1
11941,60000,0,2,29,0,1,1,3,4,1,4,1
14389,60000,2,0,59,0,0,1,0,1,1,3,1
18050,60000,1,1,45,1,0,0,3,4,1,0,1
19856,60000,4,2,60,0,0,0,0,1,1,3,1
11663,70000,4,0,36,1,0,1,1,3,1,0,1
27740,40000,0,2,27,0,0,0,2,4,1,4,1
23455,80000,2,2,50,0,1,1,4,4,0,1,1
15292,60000,1,0,35,0,1,0,1,4,1,1,1
21587,60000,1,0,34,1,0,0,1,4,1,3,1
23513,40000,3,2,54,0,0,0,3,3,1,4,1
24322,60000,4,2,42,0,0,0,0,4,1,0,1
26298,50000,1,0,34,1,0,0,0,4,1,3,1
25419,50000,2,1,38,1,1,1,0,4,0,0,1
13343,90000,5,2,63,1,0,0,0,1,1,1,1
11303,90000,4,3,45,1,1,0,2,3,0,1,1
21693,60000,0,0,40,0,1,0,1,4,0,0,1
28056,70000,2,2,53,0,0,1,4,4,1,2,1
11788,70000,1,0,34,0,1,0,1,3,1,3,1
22296,70000,0,1,38,0,0,1,0,3,0,0,1
15319,70000,4,1,59,0,0,0,0,1,0,1,1
17654,40000,3,1,30,1,1,0,3,0,1,1,1
14662,60000,1,1,48,1,0,1,0,3,1,0,1
17541,40000,4,2,43,0,0,0,2,4,1,3,1
13886,70000,4,0,35,1,0,0,1,3,1,3,1
13073,60000,0,2,30,0,0,0,3,3,1,4,1
21940,90000,5,0,47,1,0,1,1,3,1,0,1
20196,60000,1,1,45,1,0,1,3,4,1,3,1
23491,100000,3,4,45,0,1,1,3,3,0,1,1
16651,120000,2,3,62,0,0,0,0,1,1,4,1
16813,60000,2,2,55,0,0,1,3,3,1,2,1
16007,90000,5,2,66,1,0,0,0,1,1,1,1
27434,70000,4,1,56,0,1,1,3,3,1,2,1
27756,50000,3,1,40,0,1,0,0,4,0,0,1
23818,50000,0,0,33,1,0,0,1,4,1,1,1
19012,80000,3,1,56,0,0,1,0,1,1,1,1
18329,30000,0,2,27,0,1,1,4,0,0,4,1
29037,60000,0,0,39,0,0,1,1,3,0,0,1
26576,60000,0,2,31,0,0,0,3,4,1,4,1
12192,60000,2,2,51,0,1,0,4,4,0,1,1
14887,30000,1,1,52,0,0,0,2,0,1,4,1
11734,60000,1,1,47,0,0,1,3,4,0,0,1
17462,70000,3,2,53,1,0,1,1,1,1,4,1
20659,70000,3,0,35,1,0,1,1,3,1,0,1
28004,60000,3,2,66,0,0,0,0,1,1,2,1
19741,80000,4,2,65,0,1,0,1,1,1,4,1
17450,80000,5,3,45,0,0,1,3,3,1,4,1
17337,40000,0,1,31,0,1,1,2,4,1,4,1
18594,80000,3,3,40,1,1,0,0,4,1,2,1
15982,110000,5,4,46,0,0,1,3,3,1,3,1
28625,40000,2,1,47,1,1,1,3,0,0,1,1
11269,130000,2,2,41,0,0,1,1,1,1,0,1
25148,60000,2,2,48,1,0,1,2,3,0,1,1
13920,50000,4,2,42,0,1,0,0,4,1,0,1
23704,40000,5,4,60,1,1,1,2,3,1,2,1
28972,60000,3,2,66,0,1,0,1,1,1,2,1
22730,70000,5,2,63,0,0,1,0,1,1,2,1
29134,60000,4,3,42,0,0,1,0,4,0,2,1
14332,30000,0,2,26,0,1,0,2,4,0,4,1
19117,60000,1,0,36,1,1,0,1,3,1,3,1
22864,90000,2,0,49,1,0,1,3,3,0,4,1
11292,150000,1,3,44,1,1,1,3,3,0,0,1
13466,80000,5,3,46,0,0,1,3,3,1,1,1
23731,60000,2,2,54,1,0,1,2,3,1,3,1
28672,70000,4,0,35,1,1,1,1,3,1,3,1
11809,60000,2,0,38,1,0,1,0,4,1,0,1
19664,100000,3,3,38,0,1,1,0,1,0,1,1
12121,60000,3,2,53,1,1,1,2,3,1,2,1
