PassengerId,Survived,Pclass,Age,SibSp,Parch,Fare,Gender,embarked,cabin_count,first_cabin_number,cabin_letters_encoded,ticket_numbers,ticket_letters_length,ticket_punctuation_length,title_encoded,surname_length,forenames_length,ticket_numbers_enc
1,0,3,22.0,1,0,7.25,1,3,1,-1.0,8,21171.0,1,1,3,6,12,0.37587750916716905
2,1,1,38.0,1,0,71.2833,0,0,1,85.0,2,17599.0,2,0,4,7,38,0.36930577340629606
3,1,3,26.0,0,0,7.925,0,3,1,-1.0,8,3101282.0,5,2,2,9,6,0.36930577340629606
4,1,1,35.0,1,0,53.1,0,3,1,123.0,2,113803.0,0,0,4,8,30,0.37587750916716905
5,0,3,35.0,0,0,8.05,1,3,1,-1.0,8,373450.0,0,0,3,5,14,0.37383777391428363
6,0,3,32.368090452261306,0,0,8.4583,1,2,1,-1.0,8,330877.0,0,0,3,5,6,0.36721663062041743
7,0,1,54.0,0,0,51.8625,1,3,1,46.0,4,17463.0,0,0,3,8,10,0.36930577340629606
8,0,3,2.0,3,1,21.075,1,3,1,-1.0,8,349909.0,0,0,1,7,14,0.2644628047079984
9,1,3,27.0,0,2,11.1333,0,3,1,-1.0,8,347742.0,0,0,4,7,36,0.5838040936544717
10,1,2,14.0,1,0,30.0708,0,0,1,-1.0,8,237736.0,0,0,4,6,23,0.309320806634981
11,1,3,4.0,1,1,16.7,0,3,1,6.0,6,9549.0,2,0,2,9,15,0.49683929375546076
12,1,1,58.0,0,0,26.55,0,3,1,103.0,2,113783.0,0,0,2,7,10,0.36721663062041743
13,0,3,20.0,0,0,8.05,1,3,1,-1.0,8,2151.0,1,2,3,11,14,0.36930577340629606
14,0,3,39.0,1,5,31.275,1,3,1,-1.0,8,347082.0,0,0,3,9,13,0.1738009032746982
15,0,3,14.0,0,0,7.8542,0,3,1,-1.0,8,350406.0,0,0,2,7,22,0.37383777391428363
16,1,2,55.0,0,0,16.0,0,3,1,-1.0,8,248706.0,0,0,4,7,19,0.36721663062041743
17,0,3,2.0,4,1,29.125,1,2,1,-1.0,8,382652.0,0,0,1,4,7,0.20780201948835308
18,1,2,32.368090452261306,0,0,13.0,1,3,1,-1.0,8,244373.0,0,0,3,8,15,0.37383777391428363
19,0,3,31.0,1,0,18.0,0,3,1,-1.0,8,345763.0,0,0,4,13,36,0.37383777391428363
20,1,3,35.898148148148145,0,0,7.225,0,0,1,-1.0,8,2649.0,0,0,4,10,7,0.36930577340629606
21,0,2,35.0,0,0,26.0,1,3,1,-1.0,8,239865.0,0,0,3,6,9,0.30054283719503305
22,1,2,34.0,0,0,13.0,1,3,1,56.0,3,248698.0,0,0,3,7,9,0.3789559599553131
23,1,3,15.0,0,0,8.0292,0,2,1,-1.0,8,330923.0,0,0,2,7,13,0.37587750916716905
24,1,1,28.0,0,0,35.5,1,3,1,6.0,0,113788.0,0,0,3,6,17,0.37587750916716905
25,0,3,8.0,3,1,21.075,0,3,1,-1.0,8,349909.0,0,0,2,7,15,0.26262979990080443
26,1,3,38.0,1,5,31.3875,0,3,1,-1.0,8,347077.0,0,0,4,7,44,0.40996556532570155
27,0,3,32.368090452261306,0,0,7.225,1,0,1,-1.0,8,2631.0,0,0,3,4,14,0.37383777391428363
28,0,1,19.0,3,2,263.0,1,3,3,23.0,2,19950.0,0,0,3,7,18,0.40996556532570155
29,1,3,21.773972602739725,0,0,7.8792,0,2,1,-1.0,8,330959.0,0,0,2,7,15,0.37587750916716905
30,0,3,32.368090452261306,0,0,7.8958,1,3,1,-1.0,8,349216.0,0,0,3,8,6,0.3789559599553131
31,0,1,40.0,0,0,27.7208,1,0,1,-1.0,8,17601.0,2,0,6,9,9,0.36930577340629606
32,1,1,35.898148148148145,1,0,146.5208,0,0,1,78.0,1,17569.0,2,0,4,7,33,0.4929488793820303
33,1,3,21.773972602739725,0,0,7.75,0,2,1,-1.0,8,335677.0,0,0,2,5,12,0.36721663062041743
34,0,2,66.0,0,0,10.5,1,3,1,-1.0,8,24579.0,2,1,3,7,9,0.36930577340629606
35,0,1,28.0,1,0,82.1708,1,0,1,-1.0,8,17604.0,2,0,3,5,13,0.49857890855324105
36,0,1,42.0,1,0,52.0,1,3,1,-1.0,8,113789.0,0,0,3,9,16,0.5012020410978787
37,1,3,32.368090452261306,0,0,7.2292,1,0,1,-1.0,8,2677.0,0,0,3,5,6,0.36930577340629606
38,0,3,21.0,0,0,8.05,1,3,1,-1.0,8,2152.0,1,2,3,4,15,0.37587750916716905
39,0,3,18.0,2,0,18.0,0,3,1,-1.0,8,345764.0,0,0,2,13,14,0.309320806634981
40,1,3,14.0,1,0,11.2417,0,0,1,-1.0,8,2651.0,0,0,2,13,7,0.4929488793820303
41,0,3,40.0,1,0,9.475,0,3,1,-1.0,8,7546.0,0,0,4,5,35,0.36721663062041743
42,0,2,27.0,1,0,21.0,0,3,1,-1.0,8,11668.0,0,0,4,6,44,0.309320806634981
43,0,3,32.368090452261306,0,0,7.8958,1,0,1,-1.0,8,349253.0,0,0,3,6,8,0.36930577340629606
44,1,2,3.0,1,2,41.5792,0,0,1,-1.0,8,2123.0,7,1,2,7,26,0.30549463007036365
45,1,3,19.0,0,0,7.8792,0,2,1,-1.0,8,330958.0,0,0,2,7,15,0.36721663062041743
46,0,3,32.368090452261306,0,0,8.05,1,3,1,-1.0,8,23567.0,3,2,3,6,13,0.3789559599553131
47,0,3,32.368090452261306,1,0,15.5,1,2,1,-1.0,8,370371.0,0,0,3,6,6,0.36930577340629606
48,1,3,21.773972602739725,0,0,7.75,0,2,1,-1.0,8,14311.0,0,0,2,10,8,0.36930577340629606
49,0,3,32.368090452261306,2,0,21.6792,1,0,1,-1.0,8,2662.0,0,0,3,6,8,0.36930577340629606
50,0,3,18.0,1,0,17.8,0,3,1,-1.0,8,349237.0,0,0,4,14,25,0.3021089571697742
51,0,3,7.0,4,1,39.6875,1,3,1,-1.0,8,3101295.0,0,0,1,6,11,0.2049971713317057
52,0,3,21.0,0,0,7.8,1,3,1,-1.0,8,39886.0,1,2,3,9,14,0.37587750916716905
53,1,1,49.0,1,0,76.7292,0,0,1,33.0,3,17572.0,2,0,4,6,28,0.49683929375546076
54,1,2,29.0,1,0,26.0,0,3,1,-1.0,8,2926.0,0,0,4,10,34,0.36930577340629606
55,0,1,65.0,0,1,61.9792,1,0,1,30.0,1,113509.0,0,0,3,5,20,0.37383777391428363
56,1,1,32.368090452261306,0,0,35.5,1,3,1,52.0,2,19947.0,0,0,3,7,5,0.36721663062041743
57,1,2,21.0,0,0,10.5,0,3,1,-1.0,8,31026.0,2,1,2,4,6,0.37587750916716905
58,0,3,28.5,0,0,7.2292,1,0,1,-1.0,8,2697.0,0,0,3,5,9,0.36930577340629606
59,1,2,5.0,1,2,27.75,0,3,1,-1.0,8,34651.0,2,1,2,4,17,0.4160216934971364
60,0,3,11.0,5,2,46.9,1,3,1,-1.0,8,2144.0,2,0,1,7,18,0.23130075681752885
61,0,3,22.0,0,0,7.2292,1,0,1,-1.0,8,2669.0,0,0,3,10,6,0.3789559599553131
62,1,1,38.0,0,0,80.0,0,1,1,28.0,1,113572.0,0,0,2,5,7,0.49857890855324105
63,0,1,45.0,1,0,83.475,1,3,1,83.0,2,36973.0,0,0,3,6,16,0.36930577340629606
64,0,3,4.0,3,2,27.9,1,3,1,-1.0,8,347088.0,0,0,1,5,7,0.2644628047079984
65,0,1,32.368090452261306,0,0,27.7208,1,0,1,-1.0,8,17605.0,2,0,3,7,9,0.37587750916716905
66,1,3,4.574166666666667,1,1,15.2458,1,0,1,-1.0,8,2661.0,0,0,1,8,7,0.49857890855324105
67,1,2,29.0,0,0,10.5,0,3,1,33.0,5,29395.0,2,1,4,3,19,0.37383777391428363
68,0,3,19.0,0,0,8.1583,1,3,1,-1.0,8,3464.0,2,1,3,6,13,0.3789559599553131
69,1,3,17.0,4,2,7.925,0,3,1,-1.0,8,3101281.0,0,0,2,9,15,0.37383777391428363
70,0,3,26.0,2,0,8.6625,1,3,1,-1.0,8,315151.0,0,0,3,4,8,0.36721663062041743
71,0,2,32.0,0,0,10.5,1,3,1,-1.0,8,33111.0,2,1,3,6,15,0.37587750916716905
72,0,3,16.0,5,2,46.9,0,3,1,-1.0,8,2144.0,2,0,2,7,12,0.20412756747793578
73,0,2,21.0,0,0,73.5,1,3,1,-1.0,8,14879.0,3,1,3,4,11,0.2069109220317047
74,0,3,26.0,1,0,14.4542,1,0,1,-1.0,8,2680.0,0,0,3,12,10,0.36930577340629606
75,1,3,32.0,0,0,56.4958,1,3,1,-1.0,8,1601.0,0,0,3,4,4,0.6358509198133169
76,0,3,25.0,0,0,7.65,1,3,2,-1.0,5,348123.0,0,0,3,4,14,0.37587750916716905
77,0,3,32.368090452261306,0,0,7.8958,1,3,1,-1.0,8,349208.0,0,0,3,7,5,0.3789559599553131
78,0,3,32.368090452261306,0,0,8.05,1,3,1,-1.0,8,374746.0,0,0,3,6,13,0.37383777391428363
79,1,2,0.83,0,2,29.0,1,3,1,-1.0,8,248738.0,0,0,1,8,12,0.49857890855324105
80,1,3,30.0,0,0,12.475,0,3,1,-1.0,8,364516.0,0,0,2,7,10,0.5012020410978787
81,0,3,22.0,0,0,9.0,1,3,1,-1.0,8,345767.0,0,0,3,7,8,0.37383777391428363
82,1,3,29.0,0,0,9.5,1,3,1,-1.0,8,345779.0,0,0,3,10,12,0.37383777391428363
83,1,3,21.773972602739725,0,0,7.7875,0,2,1,-1.0,8,330932.0,0,0,2,9,14,0.37383777391428363
84,0,1,28.0,0,0,47.1,1,3,1,-1.0,8,113059.0,0,0,3,6,12,0.3789559599553131
85,1,2,17.0,0,0,10.5,0,3,1,-1.0,8,14885.0,3,1,2,5,7,0.36721663062041743
86,1,3,33.0,3,0,15.85,0,3,1,-1.0,8,3101278.0,0,0,4,9,40,0.3070194881433478
87,0,3,16.0,1,3,34.375,1,3,1,-1.0,8,6608.0,2,2,3,4,13,0.23130075681752885
88,0,3,32.368090452261306,0,0,8.05,1,3,1,-1.0,8,392086.0,7,1,3,9,15,0.36930577340629606
89,1,1,23.0,3,2,263.0,0,3,3,23.0,2,19950.0,0,0,2,7,12,0.40996556532570155
90,0,3,24.0,0,0,8.05,1,3,1,-1.0,8,343275.0,0,0,3,7,10,0.3789559599553131
91,0,3,29.0,0,0,8.05,1,3,1,-1.0,8,343276.0,0,0,3,10,5,0.37383777391428363
92,0,3,20.0,0,0,7.8542,1,3,1,-1.0,8,347466.0,0,0,3,10,11,0.3789559599553131
93,0,1,46.0,1,0,61.175,1,3,1,31.0,4,5734.0,3,1,3,7,15,0.37383777391428363
94,0,3,26.0,1,2,20.575,1,3,1,-1.0,8,2315.0,2,1,3,4,14,0.5012020410978787
95,0,3,59.0,0,0,7.25,1,3,1,-1.0,8,364500.0,0,0,3,5,7,0.37587750916716905
96,0,3,32.368090452261306,0,0,8.05,1,3,1,-1.0,8,374910.0,0,0,3,7,15,0.36721663062041743
97,0,1,71.0,0,0,34.6542,1,0,1,5.0,0,17754.0,2,0,3,11,9,0.37383777391428363
98,1,1,23.0,0,1,63.3583,1,0,2,10.0,3,17759.0,2,0,3,10,16,0.37587750916716905
99,1,2,34.0,0,1,23.0,0,3,1,-1.0,8,231919.0,0,0,4,6,24,0.49857890855324105
100,0,2,34.0,1,0,26.0,1,3,1,-1.0,8,244367.0,0,0,3,6,6,0.5012020410978787
101,0,3,28.0,0,0,7.8958,0,3,1,-1.0,8,349245.0,0,0,2,8,8,0.37587750916716905
102,0,3,32.368090452261306,0,0,7.8958,1,3,1,-1.0,8,349215.0,0,0,3,7,20,0.37587750916716905
103,0,1,21.0,0,1,77.2875,1,3,1,26.0,3,35281.0,0,0,3,5,15,0.36721663062041743
104,0,3,33.0,0,0,8.6542,1,3,1,-1.0,8,7540.0,0,0,3,9,12,0.37587750916716905
105,0,3,37.0,2,0,7.925,1,3,1,-1.0,8,3101276.0,0,0,3,10,15,0.37383777391428363
106,0,3,28.0,0,0,7.8958,1,3,1,-1.0,8,349207.0,0,0,3,7,9,0.36721663062041743
107,1,3,21.0,0,0,7.65,0,3,1,-1.0,8,343120.0,0,0,2,11,14,0.3789559599553131
108,1,3,32.368090452261306,0,0,7.775,1,3,1,-1.0,8,312991.0,0,0,3,4,13,0.37383777391428363
109,0,3,38.0,0,0,7.8958,1,3,1,-1.0,8,349249.0,0,0,3,5,5,0.3789559599553131
110,1,3,21.773972602739725,1,0,24.15,0,2,1,-1.0,8,371110.0,0,0,2,5,7,0.3070194881433478
111,0,1,47.0,0,0,52.0,1,3,1,110.0,2,110465.0,0,0,3,6,19,0.30549463007036365
112,0,3,14.5,1,0,14.4542,0,0,1,-1.0,8,2665.0,0,0,2,6,7,0.30549463007036365
113,0,3,22.0,0,0,8.05,1,3,1,-1.0,8,324669.0,0,0,3,6,11,0.37383777391428363
114,0,3,20.0,1,0,9.825,0,3,1,-1.0,8,4136.0,0,0,2,7,9,0.36721663062041743
115,0,3,17.0,0,0,14.4583,0,0,1,-1.0,8,2627.0,0,0,2,7,7,0.309320806634981
116,0,3,21.0,0,0,7.925,1,3,1,-1.0,8,3101294.0,5,2,3,9,7,0.37383777391428363
117,0,3,70.5,0,0,7.75,1,2,1,-1.0,8,370369.0,0,0,3,7,8,0.37587750916716905
118,0,2,29.0,1,0,21.0,1,3,1,-1.0,8,11668.0,0,0,3,6,20,0.30549463007036365
119,0,1,24.0,0,1,247.5208,1,0,2,58.0,1,17558.0,2,0,3,6,13,0.49857890855324105
120,0,3,2.0,4,2,31.275,0,3,1,-1.0,8,347082.0,0,0,2,9,17,0.20907603294048324
121,0,2,21.0,2,0,73.5,1,3,1,-1.0,8,14879.0,3,1,3,7,15,0.20907603294048324
122,0,3,32.368090452261306,0,0,8.05,1,3,1,-1.0,8,54510.0,1,1,3,5,16,0.36930577340629606
123,0,2,32.5,1,0,30.0708,1,0,1,-1.0,8,237736.0,0,0,3,6,9,0.49683929375546076
124,1,2,32.5,0,0,13.0,0,3,1,101.0,4,27267.0,0,0,2,6,6,0.37587750916716905
125,0,1,54.0,0,1,77.2875,1,3,1,26.0,3,35281.0,0,0,3,5,17,0.36721663062041743
126,1,3,12.0,1,0,11.2417,1,0,1,-1.0,8,2651.0,0,0,1,13,6,0.49683929375546076
127,0,3,32.368090452261306,0,0,7.75,1,2,1,-1.0,8,370372.0,0,0,3,7,7,0.37587750916716905
128,1,3,24.0,0,0,7.1417,1,3,1,-1.0,8,17369.0,1,0,3,6,14,0.36721663062041743
129,1,3,21.773972602739725,1,1,22.3583,0,0,2,-1.0,5,2668.0,0,0,2,5,5,0.49683929375546076
130,0,3,45.0,0,0,6.975,1,3,1,-1.0,8,347061.0,0,0,3,7,6,0.36721663062041743
131,0,3,33.0,0,0,7.8958,1,0,1,-1.0,8,349241.0,0,0,3,9,6,0.36721663062041743
132,0,3,20.0,0,0,7.05,1,3,1,-1.0,8,3101307.0,7,2,3,6,19,0.3789559599553131
133,0,3,47.0,1,0,14.5,0,3,1,-1.0,8,3337.0,1,2,4,6,34,0.3789559599553131
134,1,2,29.0,1,0,26.0,0,3,1,-1.0,8,228414.0,0,0,4,5,34,0.37383777391428363
135,0,2,25.0,0,0,13.0,1,3,1,-1.0,8,29178.0,2,1,3,5,20,0.36721663062041743
136,0,2,23.0,0,0,15.0458,1,0,1,-1.0,8,2133.0,7,1,3,7,6,0.3789559599553131
137,1,1,19.0,0,2,26.2833,0,3,1,47.0,3,11752.0,0,0,2,6,15,0.3789559599553131
138,0,1,37.0,1,0,53.1,1,3,1,123.0,2,113803.0,0,0,3,8,14,0.37587750916716905
139,0,3,16.0,0,0,9.2167,1,3,1,-1.0,8,7534.0,0,0,3,4,10,0.30549463007036365
140,0,1,24.0,0,0,79.2,1,0,1,86.0,1,17593.0,2,0,3,6,7,0.30054283719503305
141,0,3,35.898148148148145,0,2,15.2458,0,0,1,-1.0,8,2678.0,0,0,4,6,17,0.30549463007036365
142,1,3,22.0,0,0,7.75,0,3,1,-1.0,8,347081.0,0,0,2,6,11,0.36930577340629606
143,1,3,24.0,1,0,15.85,0,3,1,-1.0,8,3101279.0,5,2,4,11,35,0.3070194881433478
144,0,3,19.0,0,0,6.75,1,2,1,-1.0,8,365222.0,0,0,3,5,9,0.37383777391428363
145,0,2,18.0,0,0,11.5,1,3,1,-1.0,8,231945.0,0,0,3,6,15,0.37383777391428363
146,0,2,19.0,1,1,36.75,1,3,1,-1.0,8,33112.0,2,1,3,8,15,0.49857890855324105
147,1,3,27.0,0,0,7.7958,1,3,1,-1.0,8,350043.0,0,0,3,9,30,0.37383777391428363
148,0,3,9.0,2,2,34.375,0,3,1,-1.0,8,6608.0,2,2,2,4,21,0.2644628047079984
149,0,2,36.5,0,2,26.0,1,3,1,2.0,5,230080.0,0,0,3,8,27,0.58022809814714
150,0,2,42.0,0,0,13.0,1,3,1,-1.0,8,244310.0,0,0,5,5,22,0.3789559599553131
151,0,2,51.0,0,0,12.525,1,3,1,-1.0,8,1166.0,3,1,5,7,13,0.36721663062041743
152,1,1,22.0,1,0,66.6,0,3,1,2.0,2,113776.0,0,0,4,5,22,0.3021089571697742
153,0,3,55.5,0,0,8.05,1,3,1,-1.0,8,11206.0,1,1,3,3,8,0.37383777391428363
154,0,3,40.5,0,2,14.5,1,3,1,-1.0,8,851.0,1,2,3,12,14,0.3789559599553131
155,0,3,32.368090452261306,0,0,7.3125,1,3,1,-1.0,8,265302.0,2,0,3,5,11,0.37587750916716905
156,0,1,51.0,0,1,61.3792,1,0,1,-1.0,8,17597.0,2,0,3,8,14,0.37383777391428363
157,1,3,16.0,0,0,7.7333,0,2,1,-1.0,8,35851.0,0,0,2,7,18,0.36721663062041743
158,0,3,30.0,0,0,8.05,1,3,1,-1.0,8,392090.0,7,1,3,4,6,0.37587750916716905
159,0,3,32.368090452261306,0,0,8.6625,1,3,1,-1.0,8,315037.0,0,0,3,9,5,0.3789559599553131
160,0,3,4.574166666666667,8,2,69.55,1,3,1,-1.0,8,2343.0,2,1,1,4,13,0.20412756747793578
161,0,3,44.0,0,1,16.1,1,3,1,-1.0,8,371362.0,0,0,3,5,14,0.37383777391428363
162,1,2,40.0,0,0,15.75,0,3,1,-1.0,8,33595.0,2,1,4,4,40,0.3789559599553131
163,0,3,26.0,0,0,7.775,1,3,1,-1.0,8,347068.0,0,0,3,9,12,0.36930577340629606
164,0,3,17.0,0,0,8.6625,1,3,1,-1.0,8,315093.0,0,0,3,5,5,0.36721663062041743
165,0,3,1.0,4,1,39.6875,1,3,1,-1.0,8,3101295.0,0,0,1,6,13,0.20907603294048324
166,1,3,9.0,0,2,20.525,1,3,1,-1.0,8,363291.0,0,0,1,9,29,0.5012020410978787
167,1,1,35.898148148148145,0,1,55.0,0,3,1,33.0,4,113505.0,0,0,4,8,24,0.36930577340629606
168,0,3,45.0,1,4,27.9,0,3,1,-1.0,8,347088.0,0,0,4,5,36,0.2644628047079984
169,0,1,32.368090452261306,0,0,25.925,1,3,1,-1.0,8,17318.0,2,0,3,7,7,0.3789559599553131
170,0,3,28.0,0,0,56.4958,1,3,1,-1.0,8,1601.0,0,0,3,4,4,0.6358509198133169
171,0,1,61.0,0,0,33.5,1,3,1,19.0,1,111240.0,0,0,3,12,8,0.36721663062041743
172,0,3,4.0,4,1,29.125,1,2,1,-1.0,8,382652.0,0,0,1,4,7,0.2049971713317057
173,1,3,1.0,1,1,11.1333,0,3,1,-1.0,8,347742.0,0,0,2,7,14,0.5755804511341363
174,0,3,21.0,0,0,7.925,1,3,1,-1.0,8,3101280.0,5,2,3,6,14,0.36930577340629606
175,0,1,56.0,0,0,30.6958,1,0,1,7.0,0,17764.0,0,0,3,5,13,0.37383777391428363
176,0,3,18.0,1,1,7.8542,1,3,1,-1.0,8,350404.0,0,0,3,6,11,0.36930577340629606
177,0,3,4.574166666666667,3,1,25.4667,1,3,1,-1.0,8,4133.0,0,0,1,7,13,0.23281451711366768
178,0,1,50.0,0,0,28.7125,0,0,1,49.0,2,17595.0,2,0,2,5,14,0.37587750916716905
179,0,2,30.0,0,0,13.0,1,3,1,-1.0,8,250653.0,0,0,3,4,9,0.36930577340629606
180,0,3,36.0,0,0,0.0,1,3,1,-1.0,8,0.0,4,0,3,7,7,0.35840626440758516
181,0,3,21.773972602739725,8,2,69.55,0,3,1,-1.0,8,2343.0,2,1,2,4,17,0.20412756747793578
182,0,2,32.368090452261306,0,0,15.05,1,0,1,-1.0,8,2131.0,7,1,3,6,5,0.36721663062041743
183,0,3,9.0,4,2,31.3875,1,3,1,-1.0,8,347077.0,0,0,1,7,21,0.577052401483113
184,1,2,1.0,2,1,39.0,1,3,1,4.0,5,230136.0,0,0,1,6,10,0.49857890855324105
185,1,3,4.0,0,2,22.025,0,3,1,-1.0,8,315153.0,0,0,2,13,15,0.37383777391428363
186,0,1,32.368090452261306,0,0,50.0,1,3,1,32.0,0,113767.0,0,0,3,4,12,0.36930577340629606
187,1,3,35.898148148148145,1,0,15.5,0,2,1,-1.0,8,370365.0,0,0,4,7,34,0.30549463007036365
188,1,1,45.0,0,0,26.55,1,3,1,-1.0,8,111428.0,0,0,3,7,33,0.37587750916716905
189,0,3,40.0,1,1,15.5,1,2,1,-1.0,8,364849.0,0,0,3,6,5,0.3789559599553131
190,0,3,36.0,0,0,7.8958,1,3,1,-1.0,8,349247.0,0,0,3,6,8,0.36721663062041743
191,1,2,32.0,0,0,13.0,0,3,1,-1.0,8,234604.0,0,0,4,6,7,0.37383777391428363
192,0,2,19.0,0,0,13.0,1,3,1,-1.0,8,28424.0,0,0,3,8,8,0.37587750916716905
193,1,3,19.0,1,0,7.8542,0,3,1,-1.0,8,350046.0,0,0,2,15,25,0.36721663062041743
194,1,2,3.0,1,1,26.0,1,3,1,2.0,5,230080.0,0,0,1,8,9,0.30054283719503305
195,1,1,44.0,0,0,27.7208,0,0,1,4.0,1,17610.0,2,0,4,5,30,0.36930577340629606
196,1,1,58.0,0,0,146.5208,0,0,1,80.0,1,17569.0,2,0,2,7,6,0.49683929375546076
197,0,3,32.368090452261306,0,0,7.75,1,2,1,-1.0,8,368703.0,0,0,3,7,7,0.3789559599553131
198,0,3,42.0,0,1,8.4042,1,3,1,-1.0,8,4579.0,0,0,3,5,22,0.37587750916716905
199,1,3,21.773972602739725,0,0,7.75,0,2,1,-1.0,8,370370.0,0,0,2,7,18,0.36721663062041743
200,0,2,24.0,0,0,13.0,0,3,1,-1.0,8,248747.0,0,0,2,5,26,0.37587750916716905
201,0,3,28.0,0,0,9.5,1,3,1,-1.0,8,345770.0,0,0,3,11,14,0.37587750916716905
202,0,3,32.368090452261306,8,2,69.55,1,3,1,-1.0,8,2343.0,2,1,3,4,10,0.1869395075131617
203,0,3,34.0,0,0,6.4958,1,3,1,-1.0,8,3101264.0,0,0,3,8,13,0.36930577340629606
204,0,3,45.5,0,0,7.225,1,0,1,-1.0,8,2628.0,0,0,3,7,8,0.36721663062041743
205,1,3,18.0,0,0,8.05,1,3,1,-1.0,8,3540.0,1,1,3,5,14,0.36930577340629606
206,0,3,2.0,0,1,10.4625,0,3,1,6.0,6,347054.0,0,0,2,5,14,0.3070194881433478
207,0,3,32.0,1,0,15.85,1,3,1,-1.0,8,3101278.0,0,0,3,9,12,0.49683929375546076
208,1,3,26.0,0,0,18.7875,1,0,1,-1.0,8,2699.0,0,0,3,8,14,0.30054283719503305
209,1,3,16.0,0,0,7.75,0,2,1,-1.0,8,367231.0,0,0,2,4,14,0.37587750916716905
210,1,1,40.0,0,0,31.0,1,0,1,31.0,0,112277.0,0,0,3,5,6,0.36721663062041743
211,0,3,24.0,0,0,7.05,1,3,1,-1.0,8,3101311.0,7,2,3,3,6,0.36721663062041743
212,1,2,35.0,0,0,21.0,0,3,1,-1.0,8,13528.0,3,1,2,7,12,0.3789559599553131
213,0,3,22.0,0,0,7.25,1,3,1,-1.0,8,21174.0,1,1,3,6,11,0.37383777391428363
214,0,2,30.0,0,0,13.0,1,3,1,-1.0,8,250646.0,0,0,3,6,16,0.36721663062041743
215,0,3,32.368090452261306,1,0,7.75,1,2,1,-1.0,8,367229.0,0,0,3,7,7,0.3789559599553131
216,1,1,31.0,1,0,113.275,0,0,1,36.0,3,35273.0,0,0,2,6,10,0.4145991641939591
217,1,3,27.0,0,0,7.925,0,3,1,-1.0,8,3101283.0,5,2,2,8,7,0.37383777391428363
218,0,2,42.0,1,0,27.0,1,3,1,-1.0,8,243847.0,0,0,3,9,14,0.5012020410978787
219,1,1,32.0,0,0,76.2917,0,0,1,15.0,3,11813.0,0,0,2,7,7,0.36721663062041743
220,0,2,30.0,0,0,10.5,1,3,1,-1.0,8,14208.0,2,1,3,6,7,0.36930577340629606
221,1,3,16.0,0,0,8.05,1,3,1,-1.0,8,392089.0,7,1,3,10,15,0.36721663062041743
222,0,2,27.0,0,0,13.0,1,3,1,-1.0,8,220367.0,0,0,3,7,8,0.37383777391428363
223,0,3,51.0,0,0,8.05,1,3,1,-1.0,8,21440.0,0,0,3,5,13,0.36930577340629606
224,0,3,32.368090452261306,0,0,7.8958,1,3,1,-1.0,8,349234.0,0,0,3,7,8,0.36930577340629606
225,1,1,38.0,1,0,90.0,1,3,1,93.0,2,19943.0,0,0,3,4,19,0.4929488793820303
226,0,3,22.0,0,0,9.35,1,3,1,-1.0,8,4348.0,2,0,3,8,15,0.3789559599553131
227,1,2,19.0,0,0,10.5,1,3,1,-1.0,8,751.0,4,1,3,7,13,0.37383777391428363
228,0,3,20.5,0,0,7.25,1,3,1,-1.0,8,21173.0,1,1,3,6,20,0.37587750916716905
229,0,2,18.0,0,0,13.0,1,3,1,-1.0,8,236171.0,0,0,3,9,11,0.37587750916716905
230,0,3,21.773972602739725,3,1,25.4667,0,3,1,-1.0,8,4133.0,0,0,2,7,9,0.23029089687573498
231,1,1,35.0,1,0,83.475,0,3,1,83.0,2,36973.0,0,0,4,6,32,0.36930577340629606
232,0,3,29.0,0,0,7.775,1,3,1,-1.0,8,347067.0,0,0,3,7,12,0.36721663062041743
233,0,2,59.0,0,0,13.5,1,3,1,-1.0,8,237442.0,0,0,3,8,12,0.36721663062041743
234,1,3,5.0,4,2,31.3875,0,3,1,-1.0,8,347077.0,0,0,2,7,16,0.40996556532570155
235,0,2,24.0,0,0,10.5,1,3,1,-1.0,8,29566.0,2,1,3,6,22,0.36721663062041743
236,0,3,21.773972602739725,0,0,7.55,0,3,1,-1.0,8,6609.0,2,2,2,8,13,0.3789559599553131
237,0,2,44.0,1,0,26.0,1,3,1,-1.0,8,26707.0,0,0,3,4,8,0.36721663062041743
238,1,2,8.0,0,2,26.25,0,3,1,-1.0,8,31921.0,2,1,2,7,18,0.49116404217502724
239,0,2,19.0,0,0,10.5,1,3,1,-1.0,8,28665.0,0,0,3,8,18,0.36721663062041743
240,0,2,33.0,0,0,12.275,1,3,1,-1.0,8,1585.0,4,1,3,4,13,0.37383777391428363
241,0,3,21.773972602739725,1,0,14.4542,0,0,1,-1.0,8,2665.0,0,0,2,6,8,0.3021089571697742
242,1,3,21.773972602739725,1,0,15.5,0,2,1,-1.0,8,367230.0,0,0,2,6,17,0.5012020410978787
243,0,2,29.0,0,0,10.5,1,3,1,-1.0,8,14263.0,2,2,3,9,17,0.36930577340629606
244,0,3,22.0,0,0,7.125,1,3,1,-1.0,8,3101275.0,5,2,3,7,17,0.36930577340629606
245,0,3,30.0,0,0,7.225,1,0,1,-1.0,8,2694.0,0,0,3,7,8,0.36721663062041743
246,0,1,44.0,2,0,90.0,1,2,1,78.0,2,19928.0,0,0,0,7,15,0.49683929375546076
247,0,3,25.0,0,0,7.775,0,3,1,-1.0,8,347071.0,0,0,2,7,23,0.37383777391428363
248,1,2,24.0,0,2,14.5,0,3,1,-1.0,8,250649.0,0,0,4,10,15,0.49116404217502724
249,1,1,37.0,1,1,52.5542,1,3,1,35.0,3,11751.0,0,0,3,8,16,0.49683929375546076
250,0,2,54.0,1,0,26.0,1,3,1,-1.0,8,244252.0,0,0,5,6,17,0.30549463007036365
251,0,3,32.368090452261306,0,0,7.25,1,3,1,-1.0,8,362316.0,0,0,3,4,13,0.37587750916716905
252,0,3,29.0,1,1,10.4625,0,3,1,6.0,6,347054.0,0,0,4,5,31,0.309320806634981
253,0,1,62.0,0,0,26.55,1,3,1,87.0,2,113514.0,0,0,3,5,15,0.37587750916716905
254,0,3,30.0,1,0,16.1,1,3,1,-1.0,8,3336.0,1,2,3,4,15,0.3789559599553131
255,0,3,41.0,0,2,20.2125,0,3,1,-1.0,8,370129.0,0,0,4,7,27,0.3021089571697742
256,1,3,29.0,0,2,15.2458,0,0,1,-1.0,8,2650.0,0,0,4,5,28,0.37383777391428363
257,1,1,35.898148148148145,0,0,79.2,0,0,1,-1.0,8,17585.0,2,0,4,6,18,0.37587750916716905
258,1,1,30.0,0,0,86.5,0,3,1,77.0,1,110152.0,0,0,2,6,7,0.5012020410978787
259,1,1,35.0,0,0,512.3292,0,0,1,-1.0,8,17755.0,2,0,2,4,5,0.5012020410978787
260,1,2,50.0,0,1,26.0,0,3,1,-1.0,8,230433.0,0,0,4,7,14,0.49683929375546076
261,0,3,32.368090452261306,0,0,7.75,1,2,1,-1.0,8,384461.0,0,0,3,5,7,0.37587750916716905
262,1,3,3.0,4,2,31.3875,1,3,1,-1.0,8,347077.0,0,0,1,7,17,0.577052401483113
263,0,1,52.0,1,1,79.65,1,3,1,67.0,4,110413.0,0,0,3,7,5,0.4929488793820303
264,0,1,40.0,0,0,0.0,1,3,1,94.0,1,112059.0,0,0,3,8,8,0.3789559599553131
265,0,3,21.773972602739725,0,0,7.75,0,2,1,-1.0,8,382649.0,0,0,2,5,6,0.37383777391428363
266,0,2,36.0,0,0,10.5,1,3,1,-1.0,8,17248.0,2,1,3,6,6,0.37587750916716905
267,0,3,16.0,4,1,39.6875,1,3,1,-1.0,8,3101295.0,0,0,3,6,14,0.20780201948835308
268,1,3,25.0,1,0,7.775,1,3,1,-1.0,8,347083.0,0,0,3,7,12,0.36930577340629606
269,1,1,58.0,0,1,153.4625,0,3,1,125.0,2,17582.0,2,0,4,6,33,0.3021089571697742
270,1,1,35.0,0,0,135.6333,0,3,1,99.0,2,17760.0,2,0,2,8,7,0.4145991641939591
271,0,1,32.368090452261306,0,0,31.0,1,3,1,-1.0,8,113798.0,0,0,3,6,10,0.3789559599553131
272,1,3,25.0,0,0,0.0,1,3,1,-1.0,8,0.0,4,0,3,9,14,0.2644628047079984
273,1,2,41.0,0,1,19.5,0,3,1,-1.0,8,250644.0,0,0,4,9,26,0.4929488793820303
274,0,1,37.0,0,1,29.7,1,0,1,118.0,2,17596.0,2,0,3,6,10,0.36930577340629606
275,1,3,21.773972602739725,0,0,7.75,0,2,1,-1.0,8,370375.0,0,0,2,5,14,0.36721663062041743
276,1,1,63.0,1,0,77.9583,0,3,1,7.0,3,13502.0,0,0,2,7,19,0.49857890855324105
277,0,3,45.0,0,0,7.75,0,3,1,-1.0,8,347073.0,0,0,2,8,18,0.3789559599553131
278,0,2,32.368090452261306,0,0,0.0,1,3,1,-1.0,8,239853.0,0,0,3,6,16,0.36930577340629606
279,0,3,7.0,4,1,29.125,1,2,1,-1.0,8,382652.0,0,0,1,4,5,0.22701706303028718
280,1,3,35.0,1,1,20.25,0,3,1,-1.0,8,2673.0,2,1,4,6,20,0.30054283719503305
281,0,3,65.0,0,0,7.75,1,2,1,-1.0,8,336439.0,0,0,3,5,6,0.3789559599553131
282,0,3,28.0,0,0,7.8542,1,3,1,-1.0,8,347464.0,0,0,3,6,21,0.37587750916716905
283,0,3,16.0,0,0,9.5,1,3,1,-1.0,8,345778.0,0,0,3,13,7,0.36930577340629606
284,1,3,19.0,0,0,8.05,1,3,1,-1.0,8,10482.0,1,2,3,7,14,0.37383777391428363
285,0,1,32.368090452261306,0,0,26.0,1,3,1,19.0,0,113056.0,0,0,3,5,16,0.36721663062041743
286,0,3,33.0,0,0,8.6625,1,0,1,-1.0,8,349239.0,0,0,3,9,5,0.3789559599553131
287,1,3,30.0,0,0,9.5,1,3,1,-1.0,8,345774.0,0,0,3,9,9,0.36721663062041743
288,0,3,22.0,0,0,7.8958,1,3,1,-1.0,8,349206.0,0,0,3,9,6,0.37383777391428363
289,1,2,42.0,0,0,13.0,1,3,1,-1.0,8,237798.0,0,0,3,6,9,0.37383777391428363
290,1,3,22.0,0,0,7.75,0,2,1,-1.0,8,370373.0,0,0,2,8,5,0.37587750916716905
291,1,1,26.0,0,0,78.85,0,3,1,-1.0,8,19877.0,0,0,2,6,15,0.37383777391428363
292,1,1,19.0,1,0,91.0792,0,0,1,49.0,1,11967.0,0,0,4,6,27,0.49116404217502724
293,0,2,36.0,0,0,12.875,1,0,1,-1.0,3,2163.0,7,1,3,4,13,0.36721663062041743
294,0,3,24.0,0,0,8.85,0,3,1,-1.0,8,349236.0,0,0,2,4,8,0.37587750916716905
295,0,3,24.0,0,0,7.8958,1,3,1,-1.0,8,349233.0,0,0,3,6,5,0.37383777391428363
296,0,1,32.368090452261306,0,0,27.7208,1,0,1,-1.0,8,17612.0,2,0,3,4,8,0.37587750916716905
297,0,3,23.5,0,0,7.2292,1,0,1,-1.0,8,2693.0,0,0,3,5,8,0.3789559599553131
298,0,1,2.0,1,2,151.55,0,3,2,22.0,2,113781.0,0,0,2,7,14,0.4989815061573018
299,1,1,32.368090452261306,0,0,30.5,1,3,1,106.0,2,19988.0,0,0,3,8,8,0.37587750916716905
300,1,1,50.0,0,1,247.5208,0,0,2,58.0,1,17558.0,2,0,4,6,35,0.30054283719503305
301,1,3,21.773972602739725,0,0,7.75,0,2,1,-1.0,8,9234.0,0,0,2,5,28,0.36721663062041743
302,1,3,32.368090452261306,2,0,23.25,1,2,1,-1.0,8,367226.0,0,0,3,5,8,0.4929488793820303
303,0,3,19.0,0,0,0.0,1,3,1,-1.0,8,0.0,4,0,3,7,19,0.2644628047079984
304,1,2,21.773972602739725,0,0,12.35,0,2,1,101.0,4,226593.0,0,0,2,5,7,0.3789559599553131
305,0,3,32.368090452261306,0,0,8.05,1,3,1,-1.0,8,2466.0,1,1,3,8,20,0.36721663062041743
306,1,1,0.92,1,2,151.55,1,3,2,22.0,2,113781.0,0,0,1,7,14,0.35336628727998476
307,1,1,21.773972602739725,0,0,110.8833,0,0,1,-1.0,8,17421.0,0,0,2,7,9,0.4114295629464647
308,1,1,17.0,1,0,108.9,0,0,1,65.0,2,17758.0,2,0,4,20,56,0.3021089571697742
309,0,2,30.0,1,0,24.0,1,0,1,-1.0,8,3381.0,3,1,3,7,7,0.49116404217502724
310,1,1,30.0,0,0,56.9292,0,0,1,36.0,4,17485.0,2,0,2,11,12,0.49857890855324105
311,1,1,24.0,0,0,83.1583,0,0,1,54.0,2,11767.0,0,0,2,4,19,0.5012020410978787
312,1,1,18.0,2,2,262.375,0,0,4,57.0,1,17608.0,2,0,2,7,12,0.49857890855324105
313,0,2,26.0,1,1,26.0,0,3,1,-1.0,8,250651.0,0,0,4,8,23,0.36721663062041743
314,0,3,28.0,0,0,7.8958,1,3,1,-1.0,8,349243.0,0,0,3,10,7,0.36930577340629606
315,0,2,43.0,1,1,26.25,1,3,1,-1.0,8,13529.0,3,1,3,4,9,0.58022809814714
316,1,3,26.0,0,0,7.8542,0,3,1,-1.0,8,347470.0,0,0,2,7,17,0.36930577340629606
317,1,2,24.0,1,0,26.0,0,3,1,-1.0,8,244367.0,0,0,4,6,23,0.30549463007036365
318,0,2,54.0,0,0,14.0,1,3,1,-1.0,8,29011.0,0,0,0,8,7,0.3789559599553131
319,1,1,31.0,0,2,164.8667,0,3,1,7.0,2,36928.0,0,0,2,4,13,0.37383777391428363
320,1,1,40.0,1,1,134.5,0,0,1,34.0,4,16966.0,0,0,4,7,43,0.49683929375546076
321,0,3,22.0,0,0,7.25,1,3,1,-1.0,8,21172.0,1,1,3,6,7,0.36721663062041743
322,0,3,27.0,0,0,7.8958,1,3,1,-1.0,8,349219.0,0,0,3,6,5,0.36930577340629606
323,1,2,30.0,0,0,12.35,0,2,1,-1.0,8,234818.0,0,0,2,7,11,0.36721663062041743
324,1,2,22.0,1,1,29.0,0,3,1,-1.0,8,248738.0,0,0,4,8,37,0.49116404217502724
325,0,3,32.368090452261306,8,2,69.55,1,3,1,-1.0,8,2343.0,2,1,3,4,15,0.20412756747793578
326,1,1,36.0,0,0,135.6333,0,0,1,32.0,2,17760.0,2,0,2,5,12,0.49116404217502724
327,0,3,61.0,0,0,6.2375,1,3,1,-1.0,8,345364.0,0,0,3,7,13,0.37587750916716905
328,1,2,36.0,0,0,13.0,0,3,1,-1.0,3,28551.0,0,0,4,4,13,0.37383777391428363
329,1,3,31.0,1,1,20.525,0,3,1,-1.0,8,363291.0,0,0,4,9,31,0.40996556532570155
330,1,1,16.0,0,1,57.9792,0,0,1,18.0,1,111361.0,0,0,2,7,14,0.49857890855324105
331,1,3,21.773972602739725,2,0,23.25,0,2,1,-1.0,8,367226.0,0,0,2,5,6,0.5012020410978787
332,0,1,45.5,0,0,28.5,1,3,1,124.0,2,113043.0,0,0,3,7,7,0.37587750916716905
333,0,1,38.0,0,1,153.4625,1,3,1,91.0,2,17582.0,2,0,3,6,14,0.5838040936544717
334,0,3,16.0,2,0,18.0,1,3,1,-1.0,8,345764.0,0,0,3,13,13,0.3021089571697742
335,1,1,35.898148148148145,1,0,133.65,0,3,1,-1.0,8,17611.0,2,0,4,10,34,0.49683929375546076
336,0,3,32.368090452261306,0,0,7.8958,1,3,1,-1.0,8,349225.0,0,0,3,7,6,0.3789559599553131
337,0,1,29.0,1,0,66.6,1,3,1,2.0,2,113776.0,0,0,3,5,15,0.49116404217502724
338,1,1,41.0,0,0,134.5,0,0,1,40.0,4,16966.0,0,0,2,5,19,0.4929488793820303
339,1,3,45.0,0,0,8.05,1,3,1,-1.0,8,7598.0,0,0,3,4,12,0.36930577340629606
340,0,1,45.0,0,0,35.5,1,3,1,-1.0,7,113784.0,0,0,3,9,14,0.37587750916716905
341,1,2,2.0,1,1,26.0,1,3,1,2.0,5,230080.0,0,0,1,8,13,0.30054283719503305
342,1,1,24.0,3,2,263.0,0,3,3,23.0,2,19950.0,0,0,2,7,16,0.35840626440758516
343,0,2,28.0,0,0,13.0,1,3,1,-1.0,8,248740.0,0,0,3,9,12,0.36930577340629606
344,0,2,25.0,0,0,13.0,1,3,1,-1.0,8,244361.0,0,0,3,8,29,0.36721663062041743
345,0,2,36.0,0,0,13.0,1,3,1,-1.0,8,229236.0,0,0,3,3,15,0.37383777391428363
346,1,2,24.0,0,0,13.0,0,3,1,33.0,5,248733.0,0,0,2,5,17,0.36721663062041743
347,1,2,40.0,0,0,13.0,0,3,1,-1.0,8,31418.0,0,0,2,5,13,0.3789559599553131
348,1,3,35.898148148148145,1,0,16.1,0,3,1,-1.0,8,386525.0,0,0,4,7,28,0.37587750916716905
349,1,3,3.0,1,1,15.9,1,3,1,-1.0,8,37671.0,2,1,1,6,23,0.49683929375546076
350,0,3,42.0,0,0,8.6625,1,3,1,-1.0,8,315088.0,0,0,3,5,6,0.3789559599553131
351,0,3,23.0,0,0,9.225,1,3,1,-1.0,8,7267.0,0,0,3,5,12,0.36930577340629606
352,0,1,32.368090452261306,0,0,35.0,1,3,1,128.0,2,113510.0,0,0,3,16,17,0.37587750916716905
353,0,3,15.0,1,1,7.2292,1,0,1,-1.0,8,2695.0,0,0,3,5,8,0.37587750916716905
354,0,3,25.0,1,0,17.8,1,3,1,-1.0,8,349237.0,0,0,3,14,6,0.30549463007036365
355,0,3,32.368090452261306,0,0,7.225,1,0,1,-1.0,8,2647.0,0,0,3,6,6,0.36930577340629606
356,0,3,28.0,0,0,9.5,1,3,1,-1.0,8,345783.0,0,0,3,12,10,0.37383777391428363
357,1,1,22.0,0,1,55.0,0,3,1,33.0,4,113505.0,0,0,2,8,12,0.36930577340629606
358,0,2,38.0,0,0,13.0,0,3,1,-1.0,8,237671.0,0,0,2,4,14,0.36721663062041743
359,1,3,21.773972602739725,0,0,7.8792,0,2,1,-1.0,8,330931.0,0,0,2,8,5,0.37587750916716905
360,1,3,21.773972602739725,0,0,7.8792,0,2,1,-1.0,8,330980.0,0,0,2,7,19,0.36721663062041743
361,0,3,40.0,1,4,27.9,1,3,1,-1.0,8,347088.0,0,0,3,5,8,0.1885930742868897
362,0,2,29.0,1,0,27.7208,1,0,1,-1.0,8,2167.0,7,1,3,9,11,0.37587750916716905
363,0,3,45.0,0,1,14.4542,0,0,1,-1.0,8,2691.0,0,0,4,7,18,0.37383777391428363
364,0,3,35.0,0,0,7.05,1,3,1,-1.0,8,3101310.0,7,2,3,4,6,0.36930577340629606
365,0,3,32.368090452261306,1,0,15.5,1,2,1,-1.0,8,370365.0,0,0,3,7,7,0.5012020410978787
366,0,3,30.0,0,0,7.25,1,3,1,-1.0,8,7076.0,1,0,3,5,20,0.37383777391428363
367,1,1,60.0,1,0,75.25,0,0,1,37.0,3,110813.0,0,0,4,6,36,0.37383777391428363
368,1,3,35.898148148148145,0,0,7.2292,0,0,1,-1.0,8,2626.0,0,0,4,6,18,0.3789559599553131
369,1,3,21.773972602739725,0,0,7.75,0,2,1,-1.0,8,14313.0,0,0,2,6,6,0.37383777391428363
370,1,1,24.0,0,0,69.3,0,0,1,35.0,1,17477.0,2,0,7,6,17,0.49857890855324105
371,1,1,25.0,1,0,55.4417,1,0,1,50.0,4,11765.0,0,0,3,6,16,0.37383777391428363
372,0,3,18.0,1,0,6.4958,1,3,1,-1.0,8,3101267.0,0,0,3,7,13,0.37383777391428363
373,0,3,19.0,0,0,8.05,1,3,1,-1.0,8,323951.0,0,0,3,6,15,0.36930577340629606
374,0,1,22.0,0,0,135.6333,1,0,1,-1.0,8,17760.0,2,0,3,8,6,0.49116404217502724
375,0,3,3.0,3,1,21.075,0,3,1,-1.0,8,349909.0,0,0,2,7,12,0.2644628047079984
376,1,1,35.898148148148145,1,0,82.1708,0,0,1,-1.0,8,17604.0,2,0,4,5,26,0.3021089571697742
377,1,3,22.0,0,0,7.25,0,3,1,-1.0,8,7077.0,1,0,2,10,14,0.37587750916716905
378,0,1,27.0,0,2,211.5,1,0,1,82.0,2,113503.0,0,0,3,7,13,0.36930577340629606
379,0,3,20.0,0,0,4.0125,1,0,1,-1.0,8,2648.0,0,0,3,6,8,0.37587750916716905
380,0,3,19.0,0,0,7.775,1,3,1,-1.0,8,347069.0,0,0,3,10,12,0.37587750916716905
381,1,1,42.0,0,0,227.525,0,0,1,-1.0,8,17757.0,2,0,2,6,8,0.41816483329994775
382,1,3,1.0,0,2,15.7417,0,0,1,-1.0,8,2653.0,0,0,2,5,15,0.4929488793820303
383,0,3,32.0,0,0,7.925,1,3,1,-1.0,8,3101293.0,5,2,3,8,5,0.36721663062041743
384,1,1,35.0,1,0,52.0,0,3,1,-1.0,8,113789.0,0,0,4,9,36,0.30054283719503305
385,0,3,32.368090452261306,0,0,7.8958,1,3,1,-1.0,8,349227.0,0,0,3,11,6,0.37587750916716905
386,0,2,18.0,0,0,73.5,1,3,1,-1.0,8,14879.0,3,1,3,6,14,0.2280470701933889
387,0,3,1.0,5,2,46.9,1,3,1,-1.0,8,2144.0,2,0,1,7,15,0.20412756747793578
388,1,2,36.0,0,0,13.0,0,3,1,-1.0,8,27849.0,0,0,2,4,5,0.3789559599553131
389,0,3,32.368090452261306,0,0,7.7292,1,2,1,-1.0,8,367655.0,0,0,3,7,8,0.37383777391428363
390,1,2,17.0,0,0,12.0,0,0,1,-1.0,8,1748.0,2,0,2,7,7,0.36930577340629606
391,1,1,36.0,1,2,120.0,1,3,2,96.0,1,113760.0,0,0,3,6,15,0.6396561381562358
392,1,3,21.0,0,0,7.7958,1,3,1,-1.0,8,350034.0,0,0,3,7,10,0.36930577340629606
393,0,3,28.0,2,0,7.925,1,3,1,-1.0,8,3101277.0,0,0,3,10,13,0.36930577340629606
394,1,1,23.0,1,0,113.275,0,0,1,36.0,3,35273.0,0,0,2,6,9,0.41816483329994775
395,1,3,24.0,0,2,16.7,0,3,1,6.0,6,9549.0,2,0,4,9,36,0.5012020410978787
396,0,3,22.0,0,0,7.7958,1,3,1,-1.0,8,350052.0,0,0,3,9,5,0.36930577340629606
397,0,3,31.0,0,0,7.8542,0,3,1,-1.0,8,350407.0,0,0,2,6,6,0.3789559599553131
398,0,2,46.0,0,0,26.0,1,3,1,-1.0,8,28403.0,0,0,3,6,12,0.3070194881433478
399,0,2,23.0,0,0,10.5,1,3,1,-1.0,8,244278.0,0,0,0,4,7,0.37587750916716905
400,1,2,28.0,0,0,12.65,0,3,1,-1.0,8,240929.0,0,0,4,5,21,0.37587750916716905
401,1,3,39.0,0,0,7.925,1,3,1,-1.0,8,3101289.0,5,2,3,8,5,0.36930577340629606
402,0,3,26.0,0,0,8.05,1,3,1,-1.0,8,341826.0,0,0,3,5,5,0.36930577340629606
403,0,3,21.0,1,0,9.825,0,3,1,-1.0,8,4137.0,0,0,2,7,10,0.37383777391428363
404,0,3,28.0,1,0,15.85,1,3,1,-1.0,8,3101279.0,5,2,3,11,14,0.4929488793820303
405,0,3,20.0,0,0,8.6625,0,3,1,-1.0,8,315096.0,0,0,2,9,7,0.37383777391428363
406,0,2,34.0,1,0,21.0,1,3,1,-1.0,8,28664.0,0,0,3,4,9,0.36721663062041743
407,0,3,51.0,0,0,7.75,1,3,1,-1.0,8,347064.0,0,0,3,8,19,0.37587750916716905
408,1,2,3.0,1,1,18.75,1,3,1,-1.0,8,29106.0,0,0,1,8,13,0.5816608992779727
409,0,3,21.0,0,0,7.775,1,3,1,-1.0,8,312992.0,0,0,3,9,19,0.37383777391428363
410,0,3,21.773972602739725,3,1,25.4667,0,3,1,-1.0,8,4133.0,0,0,2,7,4,0.23130075681752885
411,0,3,32.368090452261306,0,0,7.8958,1,3,1,-1.0,8,349222.0,0,0,3,7,6,0.37587750916716905
412,0,3,32.368090452261306,0,0,6.8583,1,2,1,-1.0,8,394140.0,0,0,3,4,6,0.37587750916716905
413,1,1,33.0,1,0,90.0,0,2,1,78.0,2,19928.0,0,0,2,7,8,0.3070194881433478
414,0,2,32.368090452261306,0,0,0.0,1,3,1,-1.0,8,239853.0,0,0,3,10,15,0.36930577340629606
415,1,3,44.0,0,0,7.925,1,3,1,-1.0,8,3101269.0,5,2,3,7,13,0.37383777391428363
416,0,3,35.898148148148145,0,0,8.05,0,3,1,-1.0,8,343095.0,0,0,4,4,29,0.36930577340629606
417,1,2,34.0,1,1,32.5,0,3,1,-1.0,8,28220.0,0,0,4,4,37,0.36721663062041743
418,1,2,18.0,0,2,13.0,0,3,1,-1.0,8,250652.0,0,0,2,6,16,0.37587750916716905
419,0,2,30.0,0,0,13.0,1,3,1,-1.0,8,28228.0,0,0,3,8,13,0.3789559599553131
420,0,3,10.0,0,2,24.15,0,3,1,-1.0,8,345773.0,0,0,2,8,10,0.25747667964310866
421,0,3,32.368090452261306,0,0,7.8958,1,0,1,-1.0,8,349254.0,0,0,3,10,7,0.37383777391428363
422,0,3,21.0,0,0,7.7333,1,2,1,-1.0,8,13032.0,1,2,3,8,6,0.36930577340629606
423,0,3,29.0,0,0,7.875,1,3,1,-1.0,8,315082.0,0,0,3,9,4,0.36721663062041743
424,0,3,28.0,1,1,14.4,0,3,1,-1.0,8,347080.0,0,0,4,6,42,0.3070194881433478
425,0,3,18.0,1,1,20.2125,1,3,1,-1.0,8,370129.0,0,0,3,7,15,0.30054283719503305
426,0,3,32.368090452261306,0,0,7.25,1,3,1,-1.0,8,34244.0,1,2,3,7,10,0.37383777391428363
427,1,2,28.0,1,0,26.0,0,3,1,-1.0,8,2003.0,0,0,4,6,31,0.36721663062041743
428,1,2,19.0,0,0,26.0,0,3,1,-1.0,8,250655.0,0,0,2,8,52,0.309320806634981
429,0,3,32.368090452261306,0,0,7.75,1,2,1,-1.0,8,364851.0,0,0,3,5,6,0.37587750916716905
430,1,3,32.0,0,0,8.05,1,3,1,10.0,4,392078.0,7,2,3,7,22,0.37383777391428363
431,1,1,28.0,0,0,26.55,1,3,1,52.0,2,110564.0,0,0,3,22,14,0.37587750916716905
432,1,3,35.898148148148145,1,0,16.1,0,3,1,-1.0,8,376564.0,0,0,4,12,31,0.309320806634981
433,1,2,42.0,1,0,26.0,0,3,1,-1.0,8,3085.0,4,1,4,5,40,0.37587750916716905
434,0,3,17.0,0,0,7.125,1,3,1,-1.0,8,3101274.0,5,2,3,6,15,0.36721663062041743
435,0,1,50.0,1,0,55.9,1,3,1,44.0,4,13507.0,0,0,3,6,14,0.5012020410978787
436,1,1,14.0,1,2,120.0,0,3,2,96.0,1,113760.0,0,0,2,6,12,0.5838040936544717
437,0,3,21.0,2,2,34.375,0,3,1,-1.0,8,6608.0,2,2,2,4,25,0.2644628047079984
438,1,2,24.0,2,3,18.75,0,3,1,-1.0,8,29106.0,0,0,4,8,23,0.58022809814714
439,0,1,64.0,1,4,263.0,1,3,3,23.0,2,19950.0,0,0,3,7,5,0.49774956184196506
440,0,2,31.0,0,0,10.5,1,3,1,-1.0,8,18723.0,2,1,3,8,25,0.36721663062041743
441,1,2,45.0,1,1,26.25,0,3,1,-1.0,8,13529.0,3,1,4,4,33,0.40996556532570155
442,0,3,20.0,0,0,9.5,1,3,1,-1.0,8,345769.0,0,0,3,5,5,0.37383777391428363
443,0,3,25.0,1,0,7.775,1,3,1,-1.0,8,347076.0,0,0,3,9,11,0.36721663062041743
444,1,2,28.0,0,0,13.0,0,3,1,-1.0,8,230434.0,0,0,7,8,12,0.37587750916716905
445,1,3,32.368090452261306,0,0,8.1125,1,3,1,-1.0,8,65306.0,0,0,3,22,6,0.37587750916716905
446,1,1,4.0,0,2,81.8583,1,3,1,34.0,0,33638.0,0,0,1,5,11,0.37587750916716905
447,1,2,13.0,0,1,19.5,0,3,1,-1.0,8,250644.0,0,0,2,9,17,0.49857890855324105
448,1,1,34.0,0,0,26.55,1,3,1,-1.0,8,113794.0,0,0,3,6,16,0.36721663062041743
449,1,3,5.0,2,1,19.2583,0,0,1,-1.0,8,2666.0,0,0,2,7,16,0.58022809814714
450,1,1,52.0,0,0,30.5,1,3,1,104.0,2,113786.0,0,0,8,7,15,0.3789559599553131
451,0,2,36.0,1,2,27.75,1,3,1,-1.0,8,34651.0,2,1,3,4,12,0.5838040936544717
452,0,3,32.368090452261306,1,0,19.9667,1,3,1,-1.0,8,65303.0,0,0,3,7,19,0.37587750916716905
453,0,1,30.0,0,0,27.75,1,0,1,111.0,2,113051.0,0,0,3,7,19,0.36721663062041743
454,1,1,49.0,1,0,89.1042,1,0,1,92.0,2,17453.0,0,0,3,10,9,0.49683929375546076
455,0,3,32.368090452261306,0,0,8.05,1,3,1,-1.0,8,2817.0,1,1,3,7,7,0.36721663062041743
456,1,3,29.0,0,0,7.8958,1,0,1,-1.0,8,349240.0,0,0,3,8,5,0.37587750916716905
457,0,1,65.0,0,0,26.55,1,3,1,38.0,4,13509.0,0,0,3,6,14,0.36930577340629606
458,1,1,35.898148148148145,1,0,51.8625,0,3,1,21.0,3,17464.0,0,0,4,6,21,0.37587750916716905
459,1,2,50.0,0,0,10.5,0,3,1,-1.0,8,13531.0,3,1,2,6,6,0.36930577340629606
460,0,3,32.368090452261306,0,0,7.75,1,2,1,-1.0,8,371060.0,0,0,3,8,8,0.37383777391428363
461,1,1,48.0,0,0,26.55,1,3,1,12.0,4,19952.0,0,0,3,8,6,0.3789559599553131
462,0,3,34.0,0,0,8.05,1,3,1,-1.0,8,364506.0,0,0,3,6,8,0.3789559599553131
463,0,1,47.0,0,0,38.5,1,3,1,63.0,4,111320.0,0,0,3,3,9,0.3789559599553131
464,0,2,48.0,0,0,13.0,1,3,1,-1.0,8,234360.0,0,0,3,7,16,0.3789559599553131
465,0,3,32.368090452261306,0,0,8.05,1,3,1,-1.0,8,2816.0,2,1,3,7,6,0.36930577340629606
466,0,3,38.0,0,0,7.05,1,3,1,-1.0,8,3101306.0,7,2,3,9,17,0.37587750916716905
467,0,2,32.368090452261306,0,0,0.0,1,3,1,-1.0,8,239853.0,0,0,3,8,8,0.36930577340629606
468,0,1,56.0,0,0,26.55,1,3,1,-1.0,8,113792.0,0,0,3,5,16,0.36721663062041743
469,0,3,32.368090452261306,0,0,7.725,1,2,1,-1.0,8,36209.0,0,0,3,7,6,0.37383777391428363
470,1,3,0.75,2,1,19.2583,0,0,1,-1.0,8,2666.0,0,0,2,7,15,0.6396561381562358
471,0,3,32.368090452261306,0,0,7.25,1,3,1,-1.0,8,323592.0,0,0,3,5,7,0.36721663062041743
472,0,3,38.0,0,0,8.6625,1,3,1,-1.0,8,315089.0,0,0,3,5,5,0.37587750916716905
473,1,2,33.0,1,2,27.75,0,3,1,-1.0,8,34651.0,2,1,4,4,29,0.4114295629464647
474,1,2,23.0,0,0,13.7917,0,0,1,-1.0,3,541.0,9,1,4,6,32,0.37383777391428363
475,0,3,22.0,0,0,9.8375,0,3,1,-1.0,8,7553.0,0,0,2,10,10,0.37383777391428363
476,0,1,32.368090452261306,0,0,52.0,1,3,1,14.0,0,110465.0,0,0,3,8,14,0.3070194881433478
477,0,2,34.0,1,0,21.0,1,3,1,-1.0,8,31027.0,0,0,3,6,12,0.49116404217502724
478,0,3,29.0,1,0,7.0458,1,3,1,-1.0,8,3460.0,0,0,3,6,14,0.37587750916716905
479,0,3,22.0,0,0,7.5208,1,3,1,-1.0,8,350060.0,0,0,3,8,12,0.3789559599553131
480,1,3,2.0,0,1,12.2875,0,3,1,-1.0,8,3101298.0,0,0,2,8,9,0.37383777391428363
481,0,3,9.0,5,2,46.9,1,3,1,-1.0,8,2144.0,2,0,1,7,14,0.1869395075131617
482,0,2,32.368090452261306,0,0,0.0,1,3,1,-1.0,8,239854.0,0,0,3,5,22,0.36930577340629606
483,0,3,50.0,0,0,8.05,1,3,1,-1.0,8,3594.0,1,1,3,5,14,0.37383777391428363
484,1,3,63.0,0,0,9.5875,0,3,1,-1.0,8,4134.0,0,0,4,7,9,0.36930577340629606
485,1,1,25.0,1,0,91.0792,1,0,1,49.0,1,11967.0,0,0,3,6,12,0.4929488793820303
486,0,3,21.773972602739725,3,1,25.4667,0,3,1,-1.0,8,4133.0,0,0,2,7,8,0.2280470701933889
487,1,1,35.0,1,0,90.0,0,3,1,93.0,2,19943.0,0,0,4,4,37,0.49857890855324105
488,0,1,58.0,0,0,29.7,1,0,1,37.0,1,11771.0,0,0,3,4,14,0.37587750916716905
489,0,3,30.0,0,0,8.05,1,3,1,-1.0,8,18509.0,1,1,3,8,16,0.37383777391428363
490,1,3,9.0,1,1,15.9,1,3,1,-1.0,8,37671.0,2,1,1,6,22,0.49116404217502724
491,0,3,32.368090452261306,1,0,19.9667,1,3,1,-1.0,8,65304.0,0,0,3,7,24,0.3789559599553131
492,0,3,21.0,0,0,7.25,1,3,1,-1.0,8,3101317.0,7,1,3,8,6,0.37587750916716905
493,0,1,55.0,0,0,30.5,1,3,1,30.0,2,113787.0,0,0,3,6,15,0.3789559599553131
494,0,1,71.0,0,0,49.5042,1,0,1,-1.0,8,17609.0,2,0,3,12,6,0.37587750916716905
495,0,3,21.0,0,0,8.05,1,3,1,-1.0,8,45380.0,1,1,3,7,14,0.36721663062041743
496,0,3,32.368090452261306,0,0,14.4583,1,0,1,-1.0,8,2627.0,0,0,3,8,8,0.3021089571697742
497,1,1,54.0,1,0,78.2667,0,0,1,20.0,3,36947.0,0,0,2,6,17,0.49857890855324105
498,0,3,32.368090452261306,0,0,15.1,1,3,1,-1.0,8,6212.0,2,1,3,8,18,0.36721663062041743
499,0,1,25.0,1,2,151.55,0,3,2,22.0,2,113781.0,0,0,4,7,34,0.49498031325738717
500,0,3,24.0,0,0,7.7958,1,3,1,-1.0,8,350035.0,0,0,3,8,5,0.36721663062041743
501,0,3,17.0,0,0,8.6625,1,3,1,-1.0,8,315086.0,0,0,3,5,6,0.37383777391428363
502,0,3,21.0,0,0,7.75,0,2,1,-1.0,8,364846.0,0,0,2,7,5,0.36930577340629606
503,0,3,21.773972602739725,0,0,7.6292,0,2,1,-1.0,8,330909.0,0,0,2,10,13,0.36930577340629606
504,0,3,37.0,0,0,9.5875,0,3,1,-1.0,8,4135.0,0,0,2,8,15,0.37383777391428363
505,1,1,16.0,0,0,86.5,0,3,1,79.0,1,110152.0,0,0,2,6,8,0.5012020410978787
506,0,1,18.0,1,0,108.9,1,0,1,65.0,2,17758.0,2,0,3,20,17,0.49857890855324105
507,1,2,33.0,0,2,26.0,0,3,1,-1.0,8,26360.0,0,0,4,5,34,0.4929488793820303
508,1,1,32.368090452261306,0,0,26.55,1,3,1,-1.0,8,111427.0,0,0,3,7,33,0.37587750916716905
509,0,3,28.0,0,0,22.525,1,3,1,-1.0,8,4001.0,1,0,3,5,14,0.3789559599553131
510,1,3,26.0,0,0,56.4958,1,3,1,-1.0,8,1601.0,0,0,3,4,5,0.6358509198133169
511,1,3,29.0,0,0,7.75,1,2,1,-1.0,8,382651.0,0,0,3,4,15,0.36930577340629606
512,0,3,32.368090452261306,0,0,8.05,1,3,1,-1.0,8,3101316.0,7,1,3,6,6,0.37587750916716905
513,1,1,36.0,0,0,26.2875,1,3,1,25.0,4,17473.0,2,0,3,7,13,0.36721663062041743
514,1,1,54.0,1,0,59.4,0,0,1,-1.0,8,17603.0,2,0,4,10,30,0.37587750916716905
515,0,3,24.0,0,0,7.4958,1,3,1,-1.0,8,349209.0,0,0,3,6,6,0.37587750916716905
516,0,1,47.0,0,0,34.0208,1,3,1,46.0,3,36967.0,0,0,3,6,17,0.36721663062041743
517,1,2,34.0,0,0,10.5,0,3,1,33.0,5,34260.0,2,1,4,6,16,0.36721663062041743
518,0,3,32.368090452261306,0,0,24.15,1,2,1,-1.0,8,371110.0,0,0,3,4,8,0.3070194881433478
519,1,2,36.0,1,0,26.0,0,3,1,-1.0,8,226875.0,0,0,4,5,41,0.36721663062041743
520,0,3,32.0,0,0,7.8958,1,3,1,-1.0,8,349242.0,0,0,3,8,6,0.37383777391428363
521,1,1,30.0,0,0,93.5,0,3,1,73.0,1,12749.0,0,0,2,9,5,0.5012020410978787
522,0,3,22.0,0,0,7.8958,1,3,1,-1.0,8,349252.0,0,0,3,4,6,0.36930577340629606
523,0,3,32.368090452261306,0,0,7.225,1,0,1,-1.0,8,2624.0,0,0,3,6,7,0.37383777391428363
524,1,1,44.0,0,1,57.9792,0,0,1,18.0,1,111361.0,0,0,4,7,34,0.4929488793820303
525,0,3,32.368090452261306,0,0,7.2292,1,0,1,-1.0,8,2700.0,0,0,3,6,6,0.36721663062041743
526,0,3,40.5,0,0,7.75,1,2,1,-1.0,8,367232.0,0,0,3,7,6,0.37587750916716905
527,1,2,50.0,0,0,10.5,0,3,1,-1.0,8,14258.0,2,2,2,8,5,0.36930577340629606
528,0,1,32.368090452261306,0,0,221.7792,1,3,1,95.0,2,17483.0,2,0,3,8,5,0.37383777391428363
529,0,3,39.0,0,0,7.925,1,3,1,-1.0,8,3101296.0,0,0,3,7,13,0.37587750916716905
530,0,2,23.0,2,1,11.5,1,3,1,-1.0,8,29104.0,0,0,3,7,15,0.36930577340629606
531,1,2,2.0,1,1,26.0,0,3,1,-1.0,8,26360.0,0,0,2,5,12,0.49116404217502724
532,0,3,32.368090452261306,0,0,7.2292,1,0,1,-1.0,8,2641.0,0,0,3,6,6,0.37383777391428363
533,0,3,17.0,1,1,7.2292,1,0,1,-1.0,8,2690.0,0,0,3,5,10,0.37587750916716905
534,1,3,35.898148148148145,0,2,22.3583,0,0,1,-1.0,8,2668.0,0,0,4,5,27,0.4929488793820303
535,0,3,30.0,0,0,8.6625,0,3,1,-1.0,8,315084.0,0,0,2,5,7,0.3789559599553131
536,1,2,7.0,0,2,26.25,0,3,1,-1.0,8,13529.0,3,1,2,4,11,0.4160216934971364
537,0,1,45.0,0,0,26.55,1,3,1,38.0,1,113050.0,0,0,8,4,21,0.36721663062041743
538,1,1,30.0,0,0,106.425,0,0,1,-1.0,8,17761.0,2,0,2,5,7,0.3070194881433478
539,0,3,32.368090452261306,0,0,14.5,1,3,1,-1.0,8,364498.0,0,0,3,6,13,0.3789559599553131
540,1,1,22.0,0,2,49.5,0,0,1,39.0,1,13568.0,0,0,2,9,18,0.3789559599553131
541,1,1,36.0,0,2,71.0,0,3,1,22.0,1,5735.0,3,1,2,6,10,0.30054283719503305
542,0,3,9.0,4,2,31.275,0,3,1,-1.0,8,347082.0,0,0,2,9,20,0.17165864100762712
543,0,3,11.0,4,2,31.275,0,3,1,-1.0,8,347082.0,0,0,2,9,17,0.1894001541652394
544,1,2,32.0,1,0,26.0,1,3,1,-1.0,8,2908.0,0,0,3,5,7,0.5012020410978787
545,0,1,50.0,1,0,106.425,1,0,1,86.0,2,17761.0,2,0,3,7,14,0.49683929375546076
546,0,1,64.0,0,0,26.0,1,3,1,-1.0,8,693.0,0,0,3,9,14,0.36721663062041743
547,1,2,19.0,1,0,26.0,0,3,1,-1.0,8,2908.0,0,0,4,5,22,0.49683929375546076
548,1,2,32.368090452261306,0,0,13.8625,1,0,1,-1.0,8,2146.0,7,1,3,14,7,0.3789559599553131
549,0,3,33.0,1,1,20.525,1,3,1,-1.0,8,363291.0,0,0,3,9,11,0.5012020410978787
550,1,2,8.0,1,1,36.75,1,3,1,-1.0,8,33112.0,2,1,1,6,15,0.30549463007036365
551,1,1,17.0,0,2,110.8833,1,0,1,70.0,2,17421.0,0,0,3,6,16,0.4114295629464647
552,0,2,27.0,0,0,26.0,1,3,1,-1.0,8,244358.0,0,0,3,5,17,0.36721663062041743
553,0,3,32.368090452261306,0,0,7.8292,1,2,1,-1.0,8,330979.0,0,0,3,7,8,0.36930577340629606
554,1,3,22.0,0,0,7.225,1,0,1,-1.0,8,2620.0,0,0,3,5,23,0.36930577340629606
555,1,3,22.0,0,0,7.775,0,3,1,-1.0,8,347085.0,0,0,2,5,6,0.36721663062041743
556,0,1,62.0,0,0,26.55,1,3,1,-1.0,8,113807.0,0,0,3,6,7,0.36721663062041743
557,1,1,48.0,1,0,39.6,0,0,1,16.0,0,11755.0,0,0,7,11,47,0.36930577340629606
558,0,1,32.368090452261306,0,0,227.525,1,0,1,-1.0,8,17757.0,2,0,3,7,7,0.577052401483113
559,1,1,39.0,1,1,79.65,0,3,1,67.0,4,110413.0,0,0,4,7,25,0.4929488793820303
560,1,3,36.0,1,0,17.4,0,3,1,-1.0,8,345572.0,0,0,4,14,24,0.3789559599553131
561,0,3,32.368090452261306,0,0,7.75,1,2,1,-1.0,8,372622.0,0,0,3,6,13,0.36721663062041743
562,0,3,40.0,0,0,7.8958,1,3,1,-1.0,8,349251.0,0,0,3,5,7,0.36721663062041743
563,0,2,28.0,0,0,13.5,1,3,1,-1.0,8,218629.0,0,0,3,6,15,0.36721663062041743
564,0,3,32.368090452261306,0,0,8.05,1,3,1,-1.0,8,392082.0,7,1,3,7,5,0.37383777391428363
565,0,3,21.773972602739725,0,0,8.05,0,3,1,-1.0,8,392087.0,7,2,2,8,15,0.37587750916716905
566,0,3,24.0,2,0,24.15,1,3,1,-1.0,8,48871.0,1,1,3,6,9,0.3021089571697742
567,0,3,19.0,0,0,7.8958,1,3,1,-1.0,8,349205.0,0,0,3,10,5,0.37383777391428363
568,0,3,29.0,0,4,21.075,0,3,1,-1.0,8,349909.0,0,0,4,7,30,0.26262979990080443
569,0,3,32.368090452261306,0,0,7.2292,1,0,1,-1.0,8,2686.0,0,0,3,6,8,0.37587750916716905
570,1,3,32.0,0,0,7.8542,1,3,1,-1.0,8,350417.0,0,0,3,7,5,0.3789559599553131
571,1,2,62.0,0,0,10.5,1,3,1,-1.0,8,752.0,4,2,3,6,7,0.36930577340629606
572,1,1,53.0,2,0,51.4792,0,3,1,101.0,2,11769.0,0,0,4,8,31,0.36721663062041743
573,1,1,36.0,0,0,26.3875,1,3,1,25.0,4,17474.0,2,0,3,5,22,0.5838040936544717
574,1,3,21.773972602739725,0,0,7.75,0,2,1,-1.0,8,14312.0,0,0,2,5,5,0.36930577340629606
575,0,3,16.0,0,0,8.05,1,3,1,-1.0,8,20589.0,1,2,3,4,19,0.3789559599553131
576,0,3,19.0,0,0,14.5,1,3,1,-1.0,8,358585.0,0,0,3,8,7,0.3070194881433478
577,1,2,34.0,0,0,13.0,0,3,1,-1.0,8,243880.0,0,0,2,7,6,0.36721663062041743
578,1,1,39.0,1,0,55.9,0,3,1,44.0,4,13507.0,0,0,4,6,29,0.30054283719503305
579,0,3,35.898148148148145,1,0,14.4583,0,0,1,-1.0,8,2689.0,0,0,4,5,21,0.36930577340629606
580,1,3,32.0,0,0,7.925,1,3,1,-1.0,8,3101286.0,5,2,3,7,7,0.36721663062041743
581,1,2,25.0,1,1,30.0,0,3,1,-1.0,8,237789.0,0,0,2,7,13,0.36721663062041743
582,1,1,39.0,1,1,110.8833,0,0,1,68.0,2,17421.0,0,0,4,6,40,0.4989815061573018
583,0,2,54.0,0,0,26.0,1,3,1,-1.0,8,28403.0,0,0,3,7,14,0.30054283719503305
584,0,1,36.0,0,0,40.125,1,0,1,10.0,0,13049.0,0,0,3,4,10,0.36930577340629606
585,0,3,32.368090452261306,0,0,8.7125,1,0,1,-1.0,8,3411.0,0,0,3,7,7,0.36930577340629606
586,1,1,18.0,0,2,79.65,0,3,1,68.0,4,110413.0,0,0,2,7,5,0.4145991641939591
587,0,2,47.0,0,0,15.0,1,3,1,-1.0,8,237565.0,0,0,3,6,12,0.3789559599553131
588,1,1,60.0,1,1,79.2,1,0,1,41.0,1,13567.0,0,0,3,16,11,0.36721663062041743
589,0,3,22.0,0,0,8.05,1,3,1,-1.0,8,14973.0,0,0,3,8,8,0.3789559599553131
590,0,3,32.368090452261306,0,0,8.05,1,3,1,-1.0,8,3235.0,1,2,3,7,7,0.37383777391428363
591,0,3,35.0,0,0,7.125,1,3,1,-1.0,8,3101273.0,5,2,3,9,6,0.37587750916716905
592,1,1,52.0,1,0,78.2667,0,0,1,20.0,3,36947.0,0,0,4,10,31,0.49683929375546076
593,0,3,47.0,0,0,7.25,1,3,1,-1.0,8,3902.0,1,1,3,7,14,0.3789559599553131
594,0,3,21.773972602739725,0,2,7.75,0,2,1,-1.0,8,364848.0,0,0,2,6,5,0.37587750916716905
595,0,2,37.0,1,0,26.0,1,3,1,-1.0,8,29037.0,4,1,3,7,11,0.3789559599553131
596,0,3,36.0,1,1,24.15,1,3,1,-1.0,8,345773.0,0,0,3,8,14,0.2587176217004579
597,1,2,21.773972602739725,0,0,33.0,0,3,1,-1.0,8,248727.0,0,0,2,6,13,0.309320806634981
598,0,3,49.0,0,0,0.0,1,3,1,-1.0,8,0.0,4,0,3,7,7,0.35721721987940575
599,0,3,32.368090452261306,0,0,7.225,1,0,1,-1.0,8,2664.0,0,0,3,6,6,0.3789559599553131
600,1,1,49.0,1,0,56.9292,1,0,1,20.0,0,17485.0,2,0,6,11,27,0.4929488793820303
601,1,2,24.0,2,1,27.0,0,3,1,-1.0,8,243847.0,0,0,4,9,36,0.3070194881433478
602,0,3,32.368090452261306,0,0,7.8958,1,3,1,-1.0,8,349214.0,0,0,3,9,6,0.37587750916716905
603,0,1,32.368090452261306,0,0,42.4,1,3,1,-1.0,8,113796.0,0,0,3,10,10,0.3789559599553131
604,0,3,44.0,0,0,8.05,1,3,1,-1.0,8,364511.0,0,0,3,6,14,0.36721663062041743
605,1,1,35.0,0,0,26.55,1,0,1,-1.0,8,111426.0,0,0,3,5,21,0.36930577340629606
606,0,3,36.0,1,0,15.55,1,3,1,-1.0,8,349910.0,0,0,3,7,17,0.36930577340629606
607,0,3,30.0,0,0,7.8958,1,3,1,-1.0,8,349246.0,0,0,3,6,6,0.37383777391428363
608,1,1,27.0,0,0,30.5,1,3,1,-1.0,8,113804.0,0,0,3,6,16,0.36721663062041743
609,1,2,22.0,1,2,41.5792,0,0,1,-1.0,8,2123.0,7,1,4,7,40,0.30549463007036365
610,1,1,40.0,0,0,153.4625,0,3,1,125.0,2,17582.0,2,0,2,6,12,0.3021089571697742
611,0,3,39.0,1,5,31.275,0,3,1,-1.0,8,347082.0,0,0,4,9,42,0.20907603294048324
612,0,3,32.368090452261306,0,0,7.05,1,3,1,-1.0,8,3101305.0,7,2,3,6,10,0.36721663062041743
613,1,3,21.773972602739725,1,0,15.5,0,2,1,-1.0,8,367230.0,0,0,2,6,14,0.4929488793820303
614,0,3,32.368090452261306,0,0,7.75,1,2,1,-1.0,8,370377.0,0,0,3,6,5,0.36721663062041743
615,0,3,35.0,0,0,8.05,1,3,1,-1.0,8,364512.0,0,0,3,11,15,0.37383777391428363
616,1,2,24.0,1,2,65.0,0,3,1,-1.0,8,220845.0,0,0,2,6,6,0.49857890855324105
617,0,3,34.0,1,1,14.4,1,3,1,-1.0,8,347080.0,0,0,3,6,14,0.30054283719503305
618,0,3,26.0,1,0,16.1,0,3,1,-1.0,8,3336.0,1,2,4,4,37,0.3789559599553131
619,1,2,4.0,2,1,39.0,0,3,1,4.0,5,230136.0,0,0,2,6,14,0.4929488793820303
620,0,2,26.0,0,0,10.5,1,3,1,-1.0,8,31028.0,0,0,3,5,9,0.3789559599553131
621,0,3,27.0,1,0,14.4542,1,0,1,-1.0,8,2659.0,0,0,3,7,7,0.4929488793820303
622,1,1,42.0,1,0,52.5542,1,3,1,19.0,3,11753.0,0,0,3,7,16,0.3789559599553131
623,1,3,20.0,1,1,15.7417,1,0,1,-1.0,8,2653.0,0,0,3,5,6,0.49683929375546076
624,0,3,21.0,0,0,7.8542,1,3,1,-1.0,8,350029.0,0,0,3,6,16,0.3789559599553131
625,0,3,21.0,0,0,16.1,1,3,1,-1.0,8,54636.0,0,0,3,5,17,0.3021089571697742
626,0,1,61.0,0,0,32.3208,1,3,1,50.0,3,36963.0,0,0,3,6,10,0.36930577340629606
627,0,2,57.0,0,0,12.35,1,2,1,-1.0,8,219533.0,0,0,5,8,16,0.36721663062041743
628,1,1,21.0,0,0,77.9583,0,3,1,9.0,3,13502.0,0,0,2,7,15,0.577052401483113
629,0,3,26.0,0,0,7.8958,1,3,1,-1.0,8,349224.0,0,0,3,11,9,0.36721663062041743
630,0,3,32.368090452261306,0,0,7.7333,1,2,1,-1.0,8,334912.0,0,0,3,9,10,0.37383777391428363
631,1,1,80.0,0,0,30.0,1,3,1,23.0,0,27042.0,0,0,3,9,22,0.36930577340629606
632,0,3,51.0,0,0,7.0542,1,3,1,-1.0,8,347743.0,0,0,3,7,15,0.3789559599553131
633,1,1,32.0,0,0,30.5,1,0,1,50.0,1,13214.0,0,0,0,16,4,0.36930577340629606
634,0,1,32.368090452261306,0,0,0.0,1,3,1,-1.0,8,112052.0,0,0,3,4,20,0.37383777391428363
635,0,3,9.0,3,2,27.9,0,3,1,-1.0,8,347088.0,0,0,2,5,6,0.18618095540134388
636,1,2,28.0,0,0,13.0,0,3,1,-1.0,8,237668.0,0,0,2,5,5,0.37383777391428363
637,0,3,32.0,0,0,7.925,1,3,1,-1.0,8,3101292.0,5,2,3,8,13,0.3789559599553131
638,0,2,31.0,1,1,26.25,1,3,1,-1.0,8,31921.0,2,1,3,7,7,0.49116404217502724
639,0,3,41.0,0,5,39.6875,0,3,1,-1.0,8,3101295.0,0,0,4,6,26,0.20780201948835308
640,0,3,32.368090452261306,1,0,16.1,1,3,1,-1.0,8,376564.0,0,0,3,12,9,0.49683929375546076
641,0,3,20.0,0,0,7.8542,1,3,1,-1.0,8,350050.0,0,0,3,6,11,0.37587750916716905
642,1,1,24.0,0,0,69.3,0,0,1,35.0,1,17477.0,2,0,7,8,5,0.5012020410978787
643,0,3,2.0,3,2,27.9,0,3,1,-1.0,8,347088.0,0,0,2,5,17,0.2644628047079984
644,1,3,32.368090452261306,0,0,56.4958,1,3,1,-1.0,8,1601.0,0,0,3,3,7,0.5505098899046695
645,1,3,0.75,2,1,19.2583,0,0,1,-1.0,8,2666.0,0,0,2,7,8,0.58022809814714
646,1,1,48.0,1,0,76.7292,1,0,1,33.0,3,17572.0,2,0,3,6,14,0.577052401483113
647,0,3,19.0,0,0,7.8958,1,3,1,-1.0,8,349231.0,0,0,3,3,9,0.37587750916716905
648,1,1,56.0,0,0,35.5,1,0,1,26.0,0,13213.0,0,0,8,15,14,0.37587750916716905
649,0,3,32.368090452261306,0,0,7.55,1,3,1,-1.0,8,751.0,4,2,3,6,7,0.37383777391428363
650,1,3,23.0,0,0,7.55,0,3,1,-1.0,8,2314.0,2,1,2,7,17,0.3789559599553131
651,0,3,32.368090452261306,0,0,7.8958,1,3,1,-1.0,8,349221.0,0,0,3,7,5,0.3789559599553131
652,1,2,18.0,0,1,23.0,0,3,1,-1.0,8,231919.0,0,0,2,6,6,0.49116404217502724
653,0,3,21.0,0,0,8.4333,1,3,1,-1.0,8,8475.0,0,0,3,6,19,0.37383777391428363
654,1,3,21.773972602739725,0,0,7.8292,0,2,1,-1.0,8,330919.0,0,0,2,7,15,0.37587750916716905
655,0,3,18.0,0,0,6.75,0,2,1,-1.0,8,365226.0,0,0,2,7,14,0.37383777391428363
656,0,2,24.0,2,0,73.5,1,3,1,-1.0,8,14879.0,3,1,3,7,13,0.2280470701933889
657,0,3,32.368090452261306,0,0,7.8958,1,3,1,-1.0,8,349223.0,0,0,3,6,10,0.37587750916716905
658,0,3,32.0,1,1,15.5,0,2,1,-1.0,8,364849.0,0,0,4,6,17,0.3789559599553131
659,0,2,23.0,0,0,13.0,1,3,1,-1.0,8,29751.0,0,0,3,10,13,0.3789559599553131
660,0,1,58.0,0,2,113.275,1,0,1,48.0,3,35273.0,0,0,3,6,15,0.577052401483113
661,1,1,50.0,2,0,133.65,1,3,1,-1.0,8,17611.0,2,0,0,10,14,0.4929488793820303
662,0,3,40.0,0,0,7.225,1,0,1,-1.0,8,2623.0,0,0,3,4,8,0.37383777391428363
663,0,1,47.0,0,0,25.5875,1,3,1,58.0,4,5727.0,0,0,3,6,15,0.37383777391428363
664,0,3,36.0,0,0,7.4958,1,3,1,-1.0,8,349210.0,0,0,3,6,5,0.36721663062041743
665,1,3,20.0,1,0,7.925,1,3,1,-1.0,8,3101285.0,5,2,3,9,13,0.37383777391428363
666,0,2,32.0,2,0,73.5,1,3,1,-1.0,8,14879.0,3,1,3,7,6,0.20412756747793578
667,0,2,25.0,0,0,13.0,1,3,1,-1.0,8,234686.0,0,0,3,6,16,0.36930577340629606
668,0,3,32.368090452261306,0,0,7.775,1,3,1,-1.0,8,312993.0,0,0,3,10,11,0.3789559599553131
669,0,3,43.0,0,0,8.05,1,3,1,-1.0,8,3536.0,1,1,3,4,6,0.36721663062041743
670,1,1,35.898148148148145,1,0,52.0,0,3,1,126.0,2,19996.0,0,0,4,6,37,0.5012020410978787
671,1,2,40.0,1,1,39.0,0,3,1,-1.0,8,29750.0,0,0,4,5,50,0.36721663062041743
672,0,1,31.0,1,0,52.0,1,3,1,71.0,1,12750.0,2,1,3,8,9,0.3789559599553131
673,0,2,70.0,0,0,10.5,1,3,1,-1.0,8,24580.0,2,1,3,8,14,0.3789559599553131
674,1,2,31.0,0,0,13.0,1,3,1,-1.0,8,244270.0,0,0,3,8,8,0.37587750916716905
675,0,2,32.368090452261306,0,0,0.0,1,3,1,-1.0,8,239856.0,0,0,3,6,15,0.37587750916716905
676,0,3,18.0,0,0,7.775,1,3,1,-1.0,8,349912.0,0,0,3,10,15,0.37383777391428363
677,0,3,24.5,0,0,8.05,1,3,1,-1.0,8,342826.0,0,0,3,6,18,0.36930577340629606
678,1,3,18.0,0,0,9.8417,0,3,1,-1.0,8,4138.0,0,0,2,5,11,0.36930577340629606
679,0,3,43.0,1,6,46.9,0,3,1,-1.0,8,2144.0,2,0,4,7,26,0.23130075681752885
680,1,1,36.0,0,1,512.3292,1,0,3,51.0,1,17755.0,2,0,3,7,22,0.58022809814714
681,0,3,21.773972602739725,0,0,8.1375,0,2,1,-1.0,8,330935.0,0,0,2,6,6,0.37587750916716905
682,1,1,27.0,0,0,76.7292,1,0,1,49.0,3,17572.0,2,0,3,6,7,0.49683929375546076
683,0,3,20.0,0,0,9.225,1,3,1,-1.0,8,6563.0,0,0,3,8,14,0.36930577340629606
684,0,3,14.0,5,2,46.9,1,3,1,-1.0,8,2144.0,2,0,3,7,15,0.23130075681752885
685,0,2,60.0,1,1,39.0,1,3,1,-1.0,8,29750.0,0,0,3,5,23,0.36721663062041743
686,0,2,25.0,1,2,41.5792,1,0,1,-1.0,8,2123.0,7,1,3,7,26,0.5838040936544717
687,0,3,14.0,4,1,39.6875,1,3,1,-1.0,8,3101295.0,0,0,3,6,13,0.20907603294048324
688,0,3,19.0,0,0,10.1708,1,3,1,-1.0,8,349228.0,0,0,3,5,7,0.3789559599553131
689,0,3,18.0,0,0,7.7958,1,3,1,-1.0,8,350036.0,0,0,3,7,19,0.36721663062041743
690,1,1,15.0,0,1,211.3375,0,3,1,5.0,1,24160.0,0,0,2,6,20,0.5012020410978787
691,1,1,31.0,1,0,57.0,1,3,1,20.0,1,17474.0,0,0,3,4,14,0.49116404217502724
692,1,3,4.0,0,1,13.4167,0,0,1,-1.0,8,349256.0,0,0,2,5,6,0.36721663062041743
693,1,3,32.368090452261306,0,0,56.4958,1,3,1,-1.0,8,1601.0,0,0,3,3,4,0.49918859730606985
694,0,3,25.0,0,0,7.225,1,0,1,-1.0,8,2672.0,0,0,3,4,7,0.37587750916716905
695,0,1,60.0,0,0,26.55,1,3,1,-1.0,8,113800.0,0,0,8,4,5,0.36930577340629606
696,0,2,52.0,0,0,13.5,1,3,1,-1.0,8,248731.0,0,0,3,7,14,0.36930577340629606
697,0,3,44.0,0,0,8.05,1,3,1,-1.0,8,363592.0,0,0,3,5,6,0.36930577340629606
698,1,3,21.773972602739725,0,0,7.7333,0,2,1,-1.0,8,35852.0,0,0,2,7,18,0.3789559599553131
699,0,1,49.0,1,1,110.8833,1,0,1,68.0,2,17421.0,0,0,3,6,13,0.6385015517328075
700,0,3,42.0,0,0,7.65,1,3,2,-1.0,5,348121.0,0,0,3,7,28,0.37383777391428363
701,1,1,18.0,1,0,227.525,0,0,2,62.0,2,17757.0,2,0,4,5,38,0.41816483329994775
702,1,1,35.0,0,0,26.2875,1,3,1,24.0,4,17475.0,2,0,3,12,15,0.36721663062041743
703,0,3,18.0,0,1,14.4542,0,0,1,-1.0,8,2691.0,0,0,2,7,7,0.37383777391428363
704,0,3,25.0,0,0,7.7417,1,2,1,-1.0,8,36864.0,0,0,3,9,7,0.3789559599553131
705,0,3,26.0,1,0,7.8542,1,3,1,-1.0,8,350025.0,0,0,3,6,12,0.36721663062041743
706,0,2,39.0,0,0,26.0,1,3,1,-1.0,8,250655.0,0,0,3,6,35,0.49116404217502724
707,1,2,45.0,0,0,13.5,0,3,1,-1.0,8,223596.0,0,0,4,5,18,0.36721663062041743
708,1,1,42.0,0,0,26.2875,1,3,1,24.0,4,17476.0,2,0,3,10,18,0.37383777391428363
709,1,1,22.0,0,0,151.55,0,3,1,-1.0,8,113781.0,0,0,2,7,6,0.360185578425454
710,1,3,4.574166666666667,1,1,15.2458,1,0,1,-1.0,8,2661.0,0,0,1,8,32,0.49683929375546076
711,1,1,24.0,0,0,49.5042,0,0,1,90.0,2,17482.0,2,0,7,5,36,0.36930577340629606
712,0,1,32.368090452261306,0,0,26.55,1,3,1,124.0,2,113028.0,0,0,3,6,7,0.3789559599553131
713,1,1,48.0,1,0,52.0,1,3,1,126.0,2,19996.0,0,0,3,6,13,0.49683929375546076
714,0,3,29.0,0,0,9.4833,1,3,1,-1.0,8,7545.0,0,0,3,7,14,0.36930577340629606
715,0,2,52.0,0,0,13.0,1,3,1,-1.0,8,250647.0,0,0,3,9,7,0.3021089571697742
716,0,3,19.0,0,0,7.65,1,3,2,-1.0,5,348124.0,0,0,3,6,31,0.36721663062041743
717,1,1,38.0,0,0,227.525,0,0,1,45.0,2,17757.0,2,0,2,6,16,0.577052401483113
718,1,2,27.0,0,0,10.5,0,3,1,101.0,4,34218.0,0,0,2,6,22,0.36930577340629606
719,0,3,32.368090452261306,0,0,15.5,1,2,1,-1.0,8,36568.0,0,0,3,6,8,0.37383777391428363
720,0,3,33.0,0,0,7.775,1,3,1,-1.0,8,347062.0,0,0,3,7,16,0.37383777391428363
721,1,2,6.0,0,1,33.0,0,3,1,-1.0,8,248727.0,0,0,2,6,20,0.309320806634981
722,0,3,17.0,1,0,7.0542,1,3,1,-1.0,8,350048.0,0,0,3,6,14,0.37587750916716905
723,0,2,34.0,0,0,13.0,1,3,1,-1.0,8,12233.0,0,0,3,9,14,0.36721663062041743
724,0,2,50.0,0,0,13.0,1,3,1,-1.0,8,250643.0,0,0,3,6,12,0.37587750916716905
725,1,1,27.0,1,0,53.1,1,3,1,8.0,4,113806.0,0,0,3,8,16,0.49116404217502724
726,0,3,20.0,0,0,8.6625,1,3,1,-1.0,8,315094.0,0,0,3,9,5,0.37587750916716905
727,1,2,30.0,3,0,21.0,0,3,1,-1.0,8,31027.0,0,0,4,6,31,0.30549463007036365
728,1,3,21.773972602739725,0,0,7.7375,0,2,1,-1.0,8,36866.0,0,0,2,7,10,0.37383777391428363
729,0,2,25.0,1,0,26.0,1,3,1,-1.0,8,236853.0,0,0,3,5,21,0.36930577340629606
730,0,3,25.0,1,0,7.925,0,3,1,-1.0,8,3101271.0,5,2,2,10,12,0.3789559599553131
731,1,1,29.0,0,0,211.3375,0,3,1,5.0,1,24160.0,0,0,2,5,17,0.5816608992779727
732,0,3,11.0,0,0,18.7875,1,0,1,-1.0,8,2699.0,0,0,3,6,13,0.4929488793820303
733,0,2,32.368090452261306,0,0,0.0,1,3,1,-1.0,8,239855.0,0,0,3,6,9,0.37383777391428363
734,0,2,23.0,0,0,13.0,1,3,1,-1.0,8,28425.0,0,0,3,8,13,0.36721663062041743
735,0,2,23.0,0,0,13.0,1,3,1,-1.0,8,233639.0,0,0,3,11,12,0.36721663062041743
736,0,3,28.5,0,0,16.1,1,3,1,-1.0,8,54636.0,0,0,3,8,7,0.309320806634981
737,0,3,48.0,1,3,34.375,0,3,1,-1.0,8,6608.0,2,2,4,4,29,0.22701706303028718
738,1,1,35.0,0,0,512.3292,1,0,1,101.0,1,17755.0,2,0,3,7,10,0.5012020410978787
739,0,3,32.368090452261306,0,0,7.8958,1,3,1,-1.0,8,349201.0,0,0,3,7,6,0.37383777391428363
740,0,3,32.368090452261306,0,0,7.8958,1,3,1,-1.0,8,349218.0,0,0,3,7,6,0.36930577340629606
741,1,1,32.368090452261306,0,0,30.0,1,3,1,45.0,3,16988.0,0,0,3,9,13,0.36721663062041743
742,0,1,36.0,1,0,78.85,1,3,1,46.0,2,19877.0,0,0,3,9,15,0.37383777391428363
743,1,1,21.0,2,2,262.375,0,0,4,57.0,1,17608.0,2,0,2,7,23,0.4929488793820303
744,0,3,24.0,1,0,16.1,1,3,1,-1.0,8,376566.0,0,0,3,7,5,0.36721663062041743
745,1,3,31.0,0,0,7.925,1,3,1,-1.0,8,3101288.0,5,2,3,8,5,0.3789559599553131
746,0,1,70.0,1,1,71.0,1,3,1,22.0,1,5735.0,3,1,8,6,15,0.4929488793820303
747,0,3,16.0,1,1,20.25,1,3,1,-1.0,8,2673.0,2,1,3,6,16,0.5012020410978787
748,1,2,30.0,0,0,13.0,0,3,1,-1.0,8,250648.0,0,0,2,9,5,0.36721663062041743
749,0,1,19.0,1,0,53.1,1,3,1,30.0,3,113773.0,0,0,3,6,14,0.36930577340629606
750,0,3,31.0,0,0,7.75,1,2,1,-1.0,8,335097.0,0,0,3,10,8,0.37587750916716905
751,1,2,4.0,1,1,23.0,0,3,1,-1.0,8,29103.0,0,0,2,5,5,0.3789559599553131
752,1,3,6.0,0,1,12.475,1,3,1,121.0,4,392096.0,0,0,1,4,6,0.49683929375546076
753,0,3,33.0,0,0,9.5,1,3,1,-1.0,8,345780.0,0,0,3,11,16,0.3789559599553131
754,0,3,23.0,0,0,7.8958,1,3,1,-1.0,8,349204.0,0,0,3,7,6,0.36721663062041743
755,1,2,48.0,1,2,65.0,0,3,1,-1.0,8,220845.0,0,0,4,6,20,0.49683929375546076
756,1,2,0.67,1,1,14.5,1,3,1,-1.0,8,250649.0,0,0,1,10,6,0.4929488793820303
757,0,3,28.0,0,0,7.7958,1,3,1,-1.0,8,350042.0,0,0,3,8,15,0.36930577340629606
758,0,2,18.0,0,0,11.5,1,3,1,-1.0,8,29108.0,0,0,3,6,13,0.36721663062041743
759,0,3,34.0,0,0,8.05,1,3,1,-1.0,8,363294.0,0,0,3,8,15,0.3789559599553131
760,1,1,33.0,0,0,86.5,0,3,1,77.0,1,110152.0,0,0,6,6,35,0.58022809814714
761,0,3,32.368090452261306,0,0,14.5,1,3,1,-1.0,8,358585.0,0,0,3,8,5,0.309320806634981
762,0,3,41.0,0,0,7.125,1,3,1,-1.0,8,3101272.0,6,1,3,5,20,0.36721663062041743
763,1,3,20.0,0,0,7.2292,1,0,1,-1.0,8,2663.0,0,0,3,5,11,0.37587750916716905
764,1,1,36.0,1,2,120.0,0,3,2,96.0,1,113760.0,0,0,4,6,29,0.6385015517328075
765,0,3,16.0,0,0,7.775,1,3,1,-1.0,8,347074.0,0,0,3,6,11,0.36721663062041743
766,1,1,51.0,1,0,77.9583,0,3,1,11.0,3,13502.0,0,0,4,8,22,0.49857890855324105
767,0,1,42.0,0,0,39.6,1,0,1,-1.0,8,112379.0,0,0,0,5,15,0.36930577340629606
768,0,3,30.5,0,0,7.75,0,2,1,-1.0,8,364850.0,0,0,2,6,5,0.3789559599553131
769,0,3,32.368090452261306,1,0,24.15,1,2,1,-1.0,8,371110.0,0,0,3,5,9,0.4145991641939591
770,0,3,32.0,0,0,8.3625,1,3,1,-1.0,8,8471.0,0,0,3,10,17,0.37383777391428363
771,0,3,24.0,0,0,9.5,1,3,1,-1.0,8,345781.0,0,0,3,7,10,0.37383777391428363
772,0,3,48.0,0,0,7.8542,1,3,1,-1.0,8,350047.0,0,0,3,6,12,0.36930577340629606
773,0,2,57.0,0,0,10.5,0,3,1,77.0,4,3.0,4,2,4,4,7,0.3021089571697742
774,0,3,32.368090452261306,0,0,7.225,1,0,1,-1.0,8,2674.0,0,0,3,5,5,0.37383777391428363
775,1,2,54.0,1,3,23.0,0,3,1,-1.0,8,29105.0,0,0,4,7,24,0.37383777391428363
776,0,3,18.0,0,0,7.75,1,3,1,-1.0,8,347078.0,0,0,3,7,27,0.3789559599553131
777,0,3,32.368090452261306,0,0,7.75,1,2,1,38.0,5,383121.0,0,0,3,5,6,0.37383777391428363
778,1,3,5.0,0,0,12.475,0,3,1,-1.0,8,364516.0,0,0,2,7,15,0.49116404217502724
779,0,3,32.368090452261306,0,0,7.7375,1,2,1,-1.0,8,36865.0,0,0,3,9,9,0.37587750916716905
780,1,1,43.0,0,1,211.3375,0,3,1,3.0,1,24160.0,0,0,4,6,41,0.5012020410978787
781,1,3,13.0,0,0,7.2292,0,0,1,-1.0,8,2687.0,0,0,2,5,8,0.37587750916716905
782,1,1,17.0,1,0,57.0,0,3,1,20.0,1,17474.0,0,0,4,4,31,0.49116404217502724
783,0,1,29.0,0,0,30.0,1,3,1,6.0,3,113501.0,0,0,3,4,13,0.37587750916716905
784,0,3,32.368090452261306,1,2,23.45,1,3,1,-1.0,8,6607.0,2,2,3,8,9,0.3021089571697742
785,0,3,25.0,0,0,7.05,1,3,1,-1.0,8,3101312.0,7,2,3,3,8,0.37383777391428363
786,0,3,25.0,0,0,7.25,1,3,1,-1.0,8,374887.0,0,0,3,6,23,0.37587750916716905
787,1,3,18.0,0,0,7.4958,0,3,1,-1.0,8,3101265.0,0,0,2,7,11,0.3789559599553131
788,0,3,8.0,4,1,29.125,1,2,1,-1.0,8,382652.0,0,0,1,4,12,0.20907603294048324
789,1,3,1.0,1,2,20.575,1,3,1,-1.0,8,2315.0,2,1,1,4,13,0.30549463007036365
790,0,1,46.0,0,0,79.2,1,0,2,82.0,1,17593.0,2,0,3,10,9,0.3070194881433478
791,0,3,32.368090452261306,0,0,7.75,1,2,1,-1.0,8,12460.0,0,0,3,5,14,0.37587750916716905
792,0,2,16.0,0,0,26.0,1,3,1,-1.0,8,239865.0,0,0,3,7,7,0.3070194881433478
793,0,3,21.773972602739725,8,2,69.55,0,3,1,-1.0,8,2343.0,2,1,2,4,12,0.17451086964483506
794,0,1,32.368090452261306,0,0,30.6958,1,0,1,-1.0,8,17600.0,2,0,3,4,15,0.37587750916716905
795,0,3,25.0,0,0,7.8958,1,3,1,-1.0,8,349203.0,0,0,3,9,7,0.3789559599553131
796,0,2,39.0,0,0,13.0,1,3,1,-1.0,8,28213.0,0,0,3,5,8,0.3789559599553131
797,1,1,49.0,0,0,25.9292,0,3,1,17.0,3,17465.0,0,0,0,6,16,0.37587750916716905
798,1,3,31.0,0,0,8.6833,0,3,1,-1.0,8,349244.0,0,0,4,5,5,0.3789559599553131
799,0,3,30.0,0,0,7.2292,1,0,1,-1.0,8,2685.0,0,0,3,14,9,0.37383777391428363
800,0,3,30.0,1,1,24.15,0,3,1,-1.0,8,345773.0,0,0,4,8,38,0.2644628047079984
801,0,2,34.0,0,0,13.0,1,3,1,-1.0,8,250647.0,0,0,3,8,7,0.3070194881433478
802,1,2,31.0,1,1,26.25,0,3,1,-1.0,8,31921.0,2,1,4,7,30,0.4114295629464647
803,1,1,11.0,1,2,120.0,1,3,2,96.0,1,113760.0,0,0,1,6,20,0.5838040936544717
804,1,3,0.42,0,1,8.5167,1,0,1,-1.0,8,2625.0,0,0,1,6,16,0.36930577340629606
805,1,3,27.0,0,0,6.975,1,3,1,-1.0,8,347089.0,0,0,3,6,12,0.37383777391428363
806,0,3,31.0,0,0,7.775,1,3,1,-1.0,8,347063.0,0,0,3,9,11,0.36930577340629606
807,0,1,39.0,0,0,0.0,1,3,1,36.0,0,112050.0,0,0,3,7,10,0.36721663062041743
808,0,3,18.0,0,0,7.775,0,3,1,-1.0,8,347087.0,0,0,2,10,14,0.37587750916716905
809,0,2,39.0,0,0,13.0,1,3,1,-1.0,8,248723.0,0,0,3,5,7,0.3789559599553131
810,1,1,33.0,1,0,53.1,0,3,1,8.0,4,113806.0,0,0,4,8,32,0.4929488793820303
811,0,3,26.0,0,0,7.8875,1,3,1,-1.0,8,3474.0,0,0,3,9,8,0.3789559599553131
812,0,3,39.0,0,0,24.15,1,3,1,-1.0,8,48871.0,1,1,3,6,6,0.3070194881433478
813,0,2,35.0,0,0,10.5,1,3,1,-1.0,8,28206.0,0,0,3,6,14,0.3789559599553131
814,0,3,6.0,4,2,31.275,0,3,1,-1.0,8,347082.0,0,0,2,9,18,0.1894001541652394
815,0,3,30.5,0,0,8.05,1,3,1,-1.0,8,364499.0,0,0,3,6,15,0.3789559599553131
816,0,1,32.368090452261306,0,0,0.0,1,3,1,102.0,1,112058.0,0,0,3,3,8,0.36930577340629606
817,0,3,23.0,0,0,7.925,0,3,1,-1.0,8,3101290.0,5,2,2,8,13,0.37383777391428363
818,0,2,31.0,1,1,37.0042,1,0,1,-1.0,8,2079.0,7,2,3,6,7,0.49857890855324105
819,0,3,43.0,0,0,6.45,1,3,1,-1.0,8,7075.0,1,0,3,4,23,0.3789559599553131
820,0,3,10.0,3,2,27.9,1,3,1,-1.0,8,347088.0,0,0,1,5,14,0.2644628047079984
821,1,1,52.0,1,1,93.5,0,3,1,69.0,1,12749.0,0,0,4,4,40,0.49857890855324105
822,1,3,27.0,0,0,8.6625,1,3,1,-1.0,8,315098.0,0,0,3,5,7,0.36930577340629606
823,0,1,38.0,0,0,0.0,1,3,1,-1.0,8,19972.0,0,0,6,8,12,0.36930577340629606
824,1,3,27.0,0,1,12.475,0,3,1,121.0,4,392096.0,0,0,4,4,8,0.49857890855324105
825,0,3,2.0,4,1,39.6875,1,3,1,-1.0,8,3101295.0,0,0,1,6,13,0.2049971713317057
826,0,3,32.368090452261306,0,0,6.95,1,2,1,-1.0,8,368323.0,0,0,3,5,5,0.37587750916716905
827,0,3,32.368090452261306,0,0,56.4958,1,3,1,-1.0,8,1601.0,0,0,3,3,4,0.6358509198133169
828,1,2,1.0,0,2,37.0042,1,0,1,-1.0,8,2079.0,7,2,1,6,6,0.30549463007036365
829,1,3,32.368090452261306,0,0,7.75,1,2,1,-1.0,8,367228.0,0,0,3,9,14,0.3789559599553131
830,1,1,62.0,0,0,80.0,0,1,1,28.0,1,113572.0,0,0,4,5,30,0.49116404217502724
831,1,3,15.0,1,0,14.4542,0,0,1,-1.0,8,2659.0,0,0,4,7,26,0.30549463007036365
832,1,2,0.83,1,1,18.75,1,3,1,-1.0,8,29106.0,0,0,1,8,14,0.5838040936544717
833,0,3,32.368090452261306,0,0,7.2292,1,0,1,-1.0,8,2671.0,0,0,3,4,5,0.37383777391428363
834,0,3,23.0,0,0,7.8542,1,3,1,-1.0,8,347468.0,0,0,3,10,7,0.36721663062041743
835,0,3,18.0,0,0,8.3,1,3,1,-1.0,8,2223.0,0,0,3,5,12,0.36721663062041743
836,1,1,39.0,1,1,83.1583,0,0,1,49.0,4,17756.0,2,0,2,7,13,0.36721663062041743
837,0,3,21.0,0,0,8.6625,1,3,1,-1.0,8,315097.0,0,0,3,5,6,0.36930577340629606
838,0,3,32.368090452261306,0,0,8.05,1,3,1,-1.0,8,392092.0,0,0,3,6,8,0.37383777391428363
839,1,3,32.0,0,0,56.4958,1,3,1,-1.0,8,1601.0,0,0,3,4,6,0.49918859730606985
840,1,1,32.368090452261306,0,0,29.7,1,0,1,47.0,2,11774.0,0,0,3,8,7,0.36930577340629606
841,0,3,20.0,0,0,7.925,1,3,1,-1.0,8,3101287.0,6,1,3,8,14,0.3789559599553131
842,0,2,16.0,0,0,10.5,1,3,1,-1.0,8,3.0,4,2,3,4,15,0.30549463007036365
843,1,1,30.0,0,0,31.0,0,0,1,-1.0,8,113798.0,0,0,2,8,8,0.3789559599553131
844,0,3,34.5,0,0,6.4375,1,0,1,-1.0,8,2683.0,0,0,3,13,8,0.36930577340629606
845,0,3,17.0,0,0,8.6625,1,3,1,-1.0,8,315090.0,0,0,3,9,5,0.37383777391428363
846,0,3,42.0,0,0,7.55,1,3,1,-1.0,8,5547.0,2,1,3,6,8,0.37383777391428363
847,0,3,32.368090452261306,8,2,69.55,1,3,1,-1.0,8,2343.0,2,1,3,4,15,0.1869395075131617
848,0,3,35.0,0,0,7.8958,1,0,1,-1.0,8,349213.0,0,0,3,7,6,0.37383777391428363
849,0,2,28.0,0,1,33.0,1,3,1,-1.0,8,248727.0,0,0,5,6,5,0.577052401483113
850,1,1,35.898148148148145,1,0,89.1042,0,0,1,92.0,2,17453.0,0,0,4,10,28,0.5012020410978787
851,0,3,4.0,4,2,31.275,1,3,1,-1.0,8,347082.0,0,0,1,9,21,0.20907603294048324
852,0,3,74.0,0,0,7.775,1,3,1,-1.0,8,347060.0,0,0,3,8,6,0.36930577340629606
853,0,3,9.0,1,1,15.2458,0,0,1,-1.0,8,2678.0,0,0,2,6,10,0.3070194881433478
854,1,1,16.0,0,1,39.4,0,3,1,28.0,3,17592.0,2,0,2,5,13,0.3789559599553131
855,0,2,44.0,1,0,26.0,0,3,1,-1.0,8,244252.0,0,0,4,6,33,0.30054283719503305
856,1,3,18.0,0,1,9.35,0,3,1,-1.0,8,392091.0,0,0,4,3,17,0.3789559599553131
857,1,1,45.0,1,1,164.8667,0,3,1,-1.0,8,36928.0,0,0,4,4,32,0.37383777391428363
858,1,1,51.0,0,0,26.55,1,3,1,17.0,4,113055.0,0,0,3,4,13,0.3789559599553131
859,1,3,24.0,0,3,19.2583,0,0,1,-1.0,8,2666.0,0,0,4,7,24,0.6358509198133169
860,0,3,32.368090452261306,0,0,7.2292,1,0,1,-1.0,8,2629.0,0,0,3,4,7,0.36930577340629606
861,0,3,41.0,2,0,14.1083,1,3,1,-1.0,8,350026.0,0,0,3,6,12,0.36721663062041743
862,0,2,21.0,1,0,11.5,1,3,1,-1.0,8,28134.0,0,0,3,5,17,0.37383777391428363
863,1,1,48.0,0,0,25.9292,0,3,1,17.0,3,17466.0,0,0,4,5,40,0.36721663062041743
864,0,3,21.773972602739725,8,2,69.55,0,3,1,-1.0,8,2343.0,2,1,2,4,22,0.17553058409300484
865,0,2,24.0,0,0,13.0,1,3,1,-1.0,8,233866.0,0,0,3,4,13,0.36721663062041743
866,1,2,42.0,0,0,13.0,0,3,1,-1.0,8,236852.0,0,0,4,7,11,0.36721663062041743
867,1,2,27.0,1,0,13.8583,0,0,1,-1.0,8,2149.0,7,1,2,12,9,0.36930577340629606
868,0,1,31.0,0,0,50.4958,1,3,1,24.0,0,17590.0,2,0,3,8,23,0.3789559599553131
869,0,3,32.368090452261306,0,0,9.5,1,3,1,-1.0,8,345777.0,0,0,3,13,9,0.36721663062041743
870,1,3,4.0,1,1,11.1333,1,3,1,-1.0,8,347742.0,0,0,1,7,15,0.5816608992779727
871,0,3,26.0,0,0,7.8958,1,3,1,-1.0,8,349248.0,0,0,3,6,6,0.37383777391428363
872,1,1,47.0,1,1,52.5542,0,3,1,35.0,3,11751.0,0,0,4,8,34,0.5012020410978787
873,0,1,33.0,0,0,5.0,1,3,3,51.0,1,695.0,0,0,3,8,11,0.36721663062041743
874,0,3,47.0,0,0,9.0,1,3,1,-1.0,8,345765.0,0,0,3,15,7,0.37383777391428363
875,1,2,28.0,1,0,24.0,0,0,1,-1.0,8,3381.0,3,1,4,7,24,0.3021089571697742
876,1,3,15.0,0,0,7.225,0,0,1,-1.0,8,2667.0,0,0,2,5,20,0.3789559599553131
877,0,3,20.0,0,0,9.8458,1,3,1,-1.0,8,7534.0,0,0,3,10,14,0.3070194881433478
878,0,3,19.0,0,0,7.8958,1,3,1,-1.0,8,349212.0,0,0,3,7,8,0.37587750916716905
879,0,3,32.368090452261306,0,0,7.8958,1,3,1,-1.0,8,349217.0,0,0,3,6,7,0.36930577340629606
880,1,1,56.0,0,1,83.1583,0,0,1,50.0,2,11767.0,0,0,4,6,33,0.49683929375546076
881,1,2,25.0,0,1,26.0,0,3,1,-1.0,8,230433.0,0,0,4,7,31,0.5012020410978787
882,0,3,33.0,0,0,7.8958,1,3,1,-1.0,8,349257.0,0,0,3,6,7,0.36721663062041743
883,0,3,22.0,0,0,10.5167,0,3,1,-1.0,8,7552.0,0,0,2,8,13,0.37587750916716905
884,0,2,28.0,0,0,10.5,1,3,1,-1.0,8,34068.0,7,2,3,8,16,0.36721663062041743
885,0,3,25.0,0,0,7.05,1,3,1,-1.0,8,392076.0,7,1,3,8,9,0.37383777391428363
886,0,3,39.0,0,5,29.125,0,2,1,-1.0,8,382652.0,0,0,4,4,26,0.22701706303028718
887,0,2,27.0,0,0,13.0,1,3,1,-1.0,8,211536.0,0,0,5,8,7,0.36721663062041743
888,1,1,19.0,0,0,30.0,0,3,1,42.0,1,112053.0,0,0,2,6,15,0.36721663062041743
889,0,3,21.773972602739725,1,2,23.45,0,3,1,-1.0,8,6607.0,2,2,2,8,25,0.309320806634981
890,1,1,26.0,0,0,30.0,1,0,1,148.0,2,111369.0,0,0,3,4,12,0.3789559599553131
891,0,3,32.0,0,0,7.75,1,2,1,-1.0,8,370376.0,0,0,3,6,8,0.37587750916716905
